TransactionAmt,refund_rate,device_mismatch,country_mismatch,account_age_days,transaction_hour,is_new_device,velocity_24h,isFraud
75.39021349652886,0.016066855336437775,0,0,398,18,0,3,0
456.51821463762815,0.11981158682923007,0,0,738,4,1,1,0
202.5118540318174,0.0037196327093255138,0,0,392,5,0,1,0
141.94138306639297,0.0664903028673087,0,1,755,12,0,5,0
30.443730569351942,0.025880863563888443,0,1,106,22,1,1,0
30.439443787190775,0.11718744297993915,1,0,583,9,0,1,0
13.975815291302101,0.1064004350788945,0,0,589,23,0,4,0
306.68462967199093,0.0927479351370993,1,0,54,13,1,5,0
142.8623230440897,0.2035464151012687,0,1,277,3,0,1,0
189.68750925568855,0.0017018678488591558,1,0,111,19,0,2,0
8.119896199870794,0.004819420078400786,0,0,224,22,0,0,0
530.5336212737468,0.02396827794446458,0,0,75,11,0,2,0
272.96443150320124,0.0009046891446109964,0,0,506,14,0,2,0
40.80314378734205,0.09333120505006828,0,0,14,9,0,2,0
35.101848312449505,0.0054651598762826435,0,1,971,10,0,0,0
35.39171342483856,0.13714024665192465,0,0,770,8,1,5,0
59.413059419071566,0.008260470010587802,1,0,482,10,0,0,0
116.58917462912817,0.09519568554607048,1,0,189,1,0,3,0
89.8305600170505,0.1416345109460345,0,0,364,12,0,0,0
56.633448883091226,0.2869765855107421,0,0,239,21,1,1,0
146.9556310849698,0.15868272027758568,0,0,401,7,1,1,0
27.5351793091008,0.0765380771293223,0,0,846,20,1,1,0
56.82732680036034,0.24175507322973383,0,0,985,20,1,1,0
73.44158273312706,0.2971750091381896,0,0,304,7,0,0,0
96.34020317896625,0.03946306992878289,1,0,91,0,0,1,0
235.6904016546368,0.02028169326388565,0,0,392,5,0,2,0
38.410379319303544,0.09170689388114864,0,1,184,12,0,3,0
113.30437325496915,2.227258971980005e-05,0,0,17,8,0,5,0
139.62570819646407,0.1087377128344104,0,0,965,5,0,4,0
12.134577463461282,0.2445531219682295,0,0,12,14,0,4,0
145.29995309744152,0.06843366075435445,0,0,166,22,1,4,0
33.04418779661246,0.028171792087899272,0,0,146,15,0,1,0
15.089589631895636,0.016425844988902618,0,0,282,3,0,0,0
451.0531690260396,0.009577597474752432,0,0,991,16,0,1,0
510.59455136917586,0.025277476507269962,0,0,549,8,0,1,0
252.8497359219315,0.11611254184872724,0,0,582,11,0,2,0
59.49317899531374,0.14422176742616308,0,0,169,21,0,2,0
20.416597250375936,0.0006269154317340002,0,0,847,18,0,4,0
177.91261446479928,0.007518047083197365,0,0,170,19,0,3,0
92.01362638780975,0.10177003338666932,0,0,765,11,0,2,0
24.522835093167295,0.00018770919433735124,1,0,346,21,0,3,1
107.53208422012253,0.1325489858073984,0,0,499,5,0,3,0
10.249058216521863,0.010680370560823662,1,0,460,11,0,1,0
365.0634331089536,0.01941978397834177,0,0,297,8,0,3,0
49.91866652610291,0.07718498588402448,0,0,943,19,1,3,0
167.93836978474704,0.30597508268298906,1,0,142,4,0,1,1
61.03198724864355,0.013062930932597376,0,0,897,20,0,3,0
115.11663438638429,0.345744694129436,0,0,785,2,1,2,0
123.68356969726963,0.1635635559167549,0,0,737,1,1,5,0
35.65828992618586,0.021778044578768765,1,0,695,7,1,2,1
528.921069910434,0.012402380110076166,0,0,733,9,0,4,0
228.8368065707211,0.003631719056467464,0,0,53,14,0,4,0
425.76416289373736,0.1562599894166033,0,0,118,8,0,4,0
342.8227996301295,0.12454512261300305,1,0,365,9,0,3,1
141.65816185749125,0.0012381069745519822,0,0,671,10,0,0,0
387.41530689041076,0.05406173494719377,0,1,958,8,0,3,0
18.898318842967342,0.01685249870880396,0,1,136,13,0,4,0
37.72020419469012,0.023116560153294167,0,1,414,4,1,2,0
11.942294853024794,0.0696235304317394,0,0,77,8,0,1,0
64.02981302046302,0.0691263802277884,0,0,848,3,0,2,0
78.81954376913279,0.36563502154752375,0,0,962,1,0,1,0
52.48406648132386,0.0005367000096227498,0,0,557,18,0,0,0
269.6836797861401,0.008676173004123608,0,0,18,0,0,1,0
71.18404992948052,0.017245924951954886,0,0,867,20,0,1,0
54.47042602013738,7.521868605138404e-06,0,1,941,0,0,4,0
122.3610624811619,0.09385882055922637,0,0,403,11,0,5,0
27.784722173094327,0.3031585980040028,0,0,205,10,0,4,0
248.0725393662097,0.03565456302394983,1,0,499,0,0,2,0
16.62138032169635,0.0687887357776087,0,0,324,13,0,3,0
655.1219509380979,0.07442479839495536,0,0,595,10,0,1,0
226.9225664362267,0.0945648989611493,0,0,562,6,0,5,0
38.230916075882895,0.0007094104011314383,0,0,281,1,0,4,0
5.830613056390321,0.009336204665161307,1,0,166,14,0,4,1
258.48451662291893,0.05080605385226806,1,1,243,7,0,4,0
189.0643861080567,0.0012737945498711143,0,0,889,21,0,3,0
200.84943631819985,0.022510309205992295,0,0,479,19,1,1,0
226.282178906527,0.05805398636596291,0,0,164,14,0,2,0
16.539389827069453,0.002727226143640204,0,0,324,7,1,2,0
71.58390086243487,3.11847898529853e-05,0,0,568,9,0,1,0
23.472515690667446,0.0011459055161063066,0,0,551,18,0,0,0
303.2794357487334,0.01633883856687473,0,0,831,2,0,2,0
151.4451787568561,0.031669676430267316,0,1,640,19,1,1,0
65.27282018769515,0.011089237523901842,0,0,903,13,1,1,0
14.850209870717434,0.23473332192009003,0,0,634,8,0,3,0
60.87325256155306,0.01241285953274852,0,0,759,8,0,3,0
63.9971319776197,0.22045878985042436,0,0,698,20,1,2,0
201.18136759366112,0.1632001009457579,0,0,208,5,0,2,0
157.233403838903,0.0006134732402502619,0,0,315,7,1,2,0
332.3377868602272,0.17260404583393413,0,0,304,10,0,2,0
100.85992000644647,0.055611919644524485,0,1,901,7,1,4,0
24.105859042325285,0.06322233619402427,0,0,239,11,1,4,0
192.36895164748992,0.03283609201295941,1,0,727,9,0,3,0
219.55891296152961,0.10977145597712741,0,0,804,22,0,2,0
128.58312423287433,0.27800384469726463,0,0,224,3,0,4,0
226.08349500820466,0.05541185892948663,0,0,88,15,0,1,0
107.12220972654168,0.0559789502192999,1,0,537,19,0,4,0
115.95182581659006,0.05778055260211002,0,0,429,5,0,1,0
88.6721290862641,0.032875302892449755,0,0,220,8,0,0,0
8.86216609851706,0.10409726215808357,0,0,275,22,1,3,0
22.125115278779877,0.07414519518630444,0,0,647,4,0,3,0
9.790052193958074,0.1422762680955526,0,0,954,20,0,1,0
156.75943263913243,0.00026728009897536377,0,0,745,23,1,2,0
61.60950631926497,0.009808214757073792,0,0,977,5,1,2,0
111.56557657012851,0.19315362985018084,0,1,66,16,0,2,0
362.1898294768963,0.002530122894954191,0,0,592,16,0,0,0
48.01082344749475,0.005626449283115364,1,0,423,23,1,4,1
84.24229623240089,0.11554259425407404,0,1,255,21,0,3,0
216.3123721307875,0.005162906903123554,0,1,125,12,1,5,0
43.970773537609105,0.03440570543086543,0,0,146,16,1,2,0
17.015641782526455,0.031157109138711347,1,0,615,13,1,4,0
56.32104558305856,0.0731862635963758,0,0,385,1,0,2,0
31.37125377500943,0.042475730014834394,0,0,447,18,1,4,0
403.2425128820937,0.0006422567653705468,0,0,387,2,0,1,0
252.63306207268542,0.2300988482865888,0,0,383,1,0,1,0
155.52412857807965,0.161523865822579,0,0,277,1,1,3,0
312.72795957812195,0.03301785503377472,0,0,382,21,0,6,0
249.19534111108345,1.1153408536464657e-05,0,0,124,6,0,1,0
35.97432145379586,3.493872410521123e-05,1,0,926,3,1,4,0
339.62201078533417,0.09384363172599391,0,0,267,16,1,1,0
121.2649852949258,0.10653259678660955,0,0,790,5,1,4,0
252.10224369553492,0.0018126805622736039,1,0,111,6,0,1,0
344.63639739293467,0.001344960174316803,1,0,381,19,0,3,0
62.40960746274777,0.3668386460747891,0,0,825,5,0,2,0
22.488824018577624,0.04646892836396047,1,0,601,8,1,1,1
43.8030119209072,0.0012697994591090213,0,0,899,19,0,4,0
88.55865391229216,0.02404298093760984,0,0,158,3,0,3,0
260.5744589958417,0.0383218791871798,1,0,728,4,0,4,0
300.701745781975,0.22323465103408321,0,0,896,18,1,1,0
6.0464613772475975,0.15260747783809303,0,0,813,9,0,1,0
112.23142390078337,0.09437606750870393,0,0,548,17,0,2,0
86.0409981378007,0.12352451953504924,0,0,599,14,0,1,0
42.675100741373676,0.056499515067230645,0,0,118,0,0,1,0
24.15205873184702,0.02181503684937477,0,0,328,4,0,1,0
66.78628697936486,0.01501412415017486,1,1,960,4,0,2,1
434.46816840367245,0.017682235860270304,0,0,694,7,0,0,0
63.55757043222116,0.017771962645635814,0,0,68,21,1,4,0
114.71792086402279,0.11374274740598153,1,1,434,21,0,4,0
187.11304653212824,0.10967865286913736,0,0,359,21,0,4,0
72.79617484504435,0.0570213675949951,0,0,671,19,0,4,0
540.169720743755,0.08749246061955805,0,0,797,14,1,1,0
497.3014796812097,0.014291102158657497,0,0,443,16,0,2,0
48.509194248830795,0.016388880100577,0,0,164,18,1,2,0
108.14889176957708,0.04976473618136695,0,0,973,12,1,2,0
58.68956901185702,0.0010973438901582164,0,0,361,21,0,5,0
55.287451457162256,0.1440665058203456,0,0,585,20,0,1,0
10.63767166482838,0.36066040068573885,0,0,119,9,0,0,1
146.07381064738897,0.06528281355909232,0,0,853,16,1,3,0
109.77794492444578,0.03238345588796523,0,0,195,4,0,2,0
12.927663107058873,0.13163421029473107,0,0,601,17,0,3,0
53.9938881515554,0.0005533963022770756,0,0,857,16,0,3,0
363.32914266340106,0.01680235612300082,1,0,588,3,0,1,0
46.07908282131156,0.0545780421154527,0,0,733,21,0,4,0
28.479629147820464,2.0884942678017242e-05,1,0,651,6,0,4,0
105.84081642104543,0.01608006276926677,0,1,884,4,0,3,0
641.6055473922889,0.04157179490325612,1,0,907,7,0,0,0
46.57172203395893,0.013985281388072078,0,0,241,7,0,2,0
172.27325154459402,0.023515079811125456,0,0,509,10,0,0,0
220.08314393591942,0.0001165174052057198,0,0,666,8,0,4,0
45.69997585037087,0.2942271071688419,0,0,565,18,1,5,0
200.41233927384744,0.01654717762475031,0,0,142,18,0,2,0
73.7784198896456,0.13064540430389687,0,0,832,8,0,3,0
155.0755621597657,0.0011016471276011441,0,0,976,22,0,1,0
155.57567407064573,0.004759724023854576,0,0,906,19,0,5,0
120.10778749285232,0.003599875788280207,0,0,31,16,0,1,0
19.19437382174314,0.045996937380153514,0,1,223,15,0,1,0
275.54671913694455,0.03339052521188123,0,0,804,6,0,3,0
63.02154405010949,0.16065969073000985,0,0,266,21,1,2,0
35.96481599113348,0.21861882226528034,0,0,282,2,0,2,0
11.24446396915178,0.05545986677486592,0,0,788,20,0,0,0
139.06676068918753,0.05094321778889372,0,0,381,18,1,2,0
174.77776014010232,0.0008685495458217904,0,0,556,7,0,3,0
7.509042133770593,0.22129184296817198,0,0,62,4,0,7,0
112.64458768242325,0.38374146208407756,0,0,713,5,0,6,0
43.523622058243646,0.06668847086298361,0,0,847,1,0,1,0
160.4186512321538,0.13526294555933996,1,0,521,23,0,4,0
33.740633380870065,0.005520922903987825,0,1,71,18,1,3,0
181.13187913515787,0.02072660391690894,0,1,602,12,0,2,0
78.34380514716527,0.12126345022748801,0,0,536,5,0,1,0
419.05157267064607,3.330078215533228e-05,0,0,140,5,0,5,0
27.19166201589184,0.16443912674217193,0,0,316,1,0,2,0
67.56986509927576,0.05551239409623803,0,0,340,23,1,2,0
23.066642755549463,0.36989064934155785,1,0,888,4,0,2,1
392.92855957260855,0.0820149739341127,1,0,590,10,1,1,1
319.7500560741491,0.4416827509777912,0,0,726,10,0,1,0
49.749105509223334,0.3537002419439255,0,0,528,23,1,2,0
166.8144108565872,0.008338790139789323,0,0,541,13,0,6,0
259.92261089588317,0.0026906862390834525,0,0,416,12,1,4,0
126.51985410297621,0.05211869035180179,1,0,467,7,0,3,0
118.14191152909191,0.08225865230203097,0,0,375,14,1,0,0
46.53155681568547,0.5274813006206445,0,0,291,11,0,5,1
19.65892107124111,0.27574643182299646,0,0,43,2,0,4,0
346.26848377917844,0.00741064030062958,0,0,864,20,1,4,0
351.016164147264,0.0411662052686986,1,0,887,22,0,9,1
155.40048792243272,0.1793750364117917,0,0,53,4,1,1,0
67.10697647169859,0.3080030099267644,0,0,788,5,0,2,0
69.4351423717466,0.0002617333871556091,0,0,883,1,0,3,0
199.1698144590677,4.036153490999132e-11,0,0,232,7,1,2,0
346.11460236608787,0.0106704973432211,0,1,212,4,0,6,0
332.169885409492,0.09375064137707181,0,0,8,21,0,3,0
232.03432878963548,0.3164012595128263,0,0,634,16,1,2,0
159.09660403515574,0.027560589167399074,1,0,483,1,0,4,0
18.18375892941261,0.23145373285117712,0,0,42,10,0,2,0
31.444132202511724,0.07132626614960498,0,0,333,3,0,3,0
348.23457502662586,0.04029064933787577,0,0,233,10,1,4,0
144.87409204483842,0.1179733363880777,0,0,70,8,1,1,0
6.385940841649162,0.22346022016660996,0,0,879,5,1,3,0
21.0495352153924,0.04149536589572144,1,0,16,23,0,2,0
168.37435809353613,0.11632552052628513,0,0,69,1,0,5,0
5.761165557769551,0.2443489508199998,0,0,53,14,0,5,0
31.29737241562986,0.14457381659847954,0,0,685,4,0,3,0
124.35467692083975,0.01943790189211525,0,0,947,11,0,2,0
181.5972929982219,0.04660648345107071,1,0,994,12,0,2,1
163.3162223202873,0.022341193695039233,0,0,774,16,1,2,0
43.09248009620367,9.399751927170199e-05,1,0,379,3,1,0,0
191.81259333478084,0.2167829658071945,1,0,801,9,0,1,0
45.623563857920885,0.20348855246449302,0,0,463,0,1,3,0
64.04523633771267,0.00042057625850791893,0,0,527,10,1,2,0
210.8536327498686,0.14006584418627874,1,0,782,15,0,3,1
162.3160721454152,0.004658466456998636,0,1,679,10,0,5,0
288.79341161951015,0.3137798238307316,0,0,63,8,0,1,0
165.77199322546437,0.007973714558340641,0,0,261,1,0,2,0
131.00664583808862,2.8127225507475605e-05,0,0,500,6,0,2,0
19.753559217261575,0.09867085846077683,0,0,121,18,0,0,0
73.762446081053,0.04604231879080802,0,0,858,17,1,2,0
51.224022178824676,0.001295327789066263,0,0,240,19,0,5,0
46.95503054936319,0.06975054803240054,1,1,465,6,0,5,0
546.8464109244388,0.11364147275030656,0,0,107,22,0,4,0
79.90812455600357,0.004357185211388186,0,0,180,8,0,3,0
338.9082816872784,0.03790024483945207,0,0,16,11,0,1,0
154.60015786047248,0.04826033884378053,0,0,355,2,0,2,0
242.57378790325998,0.07764264709048037,0,0,934,22,1,2,0
109.76529865831556,0.06424358652203618,0,0,309,21,0,5,0
134.02338539623776,0.1263168475733209,0,0,727,15,1,2,0
106.74401500125401,0.0016726397212033792,0,0,589,6,0,3,0
37.58223429878577,0.0643535528643444,0,0,737,22,0,3,0
197.26427045987057,0.13035443687889148,1,0,605,4,0,1,1
54.436605254939444,0.058501563602954304,0,0,181,22,1,7,0
8.692472162103293,0.061331998858593376,1,0,174,6,1,4,1
160.54531794429107,0.05482614143739463,1,0,354,18,0,1,0
34.2400355337234,0.20134850449223193,0,0,354,16,0,3,0
428.1624720909955,1.3387573498107369e-05,0,0,219,15,0,4,0
466.63436191820347,0.04592898641107916,0,0,655,20,1,2,0
374.5264826950762,0.13014031837676554,1,0,315,23,0,2,1
74.34310947460501,0.0013196725011108265,0,0,434,20,0,4,0
7.336597305791658,0.020456032016178446,0,0,905,18,0,3,0
400.3285185997835,0.06380439957634253,0,1,282,17,0,3,0
88.84074155795919,0.08000594864371466,0,0,259,18,1,1,0
515.1263024183083,0.049247700881478326,0,0,868,3,0,2,0
502.0603214195308,0.17783710502364214,0,0,559,0,0,0,0
292.6080525769128,0.2983670484633299,0,0,5,3,0,2,0
57.31641022582404,0.013320174416853679,0,0,574,3,0,2,0
77.94378981480403,0.03122122113606713,0,0,980,8,0,2,0
290.708997871712,0.05307593912856605,0,0,596,7,1,1,0
62.17193471460756,0.0012791381969253226,0,0,645,1,0,3,0
32.85779244436321,0.01917067967126305,0,0,394,22,0,3,0
127.06054880903416,0.003324929786843837,0,0,336,5,0,1,0
417.69402062105627,0.10313794557763499,1,0,63,22,0,2,0
183.62383966369057,0.008360158458475583,0,0,793,10,0,3,0
131.61685046534834,0.19884799537824033,0,0,44,3,1,0,0
20.33422960239843,0.01771146334284916,0,0,153,13,0,3,0
148.17960732765766,0.02153553053717533,0,0,926,20,1,1,0
696.5854621769475,0.24212313509649125,0,0,782,21,0,1,0
27.638087996339625,0.02912349573284459,0,0,854,8,0,4,0
114.57429874722555,0.2953673430446197,0,0,683,1,0,1,0
319.79129568511917,0.10725034402746896,0,0,156,0,1,3,0
207.5051372530505,0.16235342051654864,0,0,478,3,1,3,0
184.11116379525097,0.007361729909566501,0,0,275,11,0,3,0
186.8431334336735,0.0037350413493445612,0,0,358,4,0,1,0
71.82385134724237,0.008267414711483697,0,1,426,8,0,2,0
57.13431264006427,0.019847678880887024,0,0,532,21,0,3,0
253.60617608895686,0.020685366228283313,1,0,483,3,1,2,0
254.1992298630543,0.0167689657695708,0,0,214,15,1,3,0
307.69250710518725,0.10972944930124758,0,0,79,1,0,3,0
371.6923942754955,0.03863965805006539,0,0,139,15,0,5,0
112.41398553993555,0.2094227335132132,0,0,950,15,0,3,0
109.42765663267988,0.0640287291495486,0,0,98,20,0,2,0
245.14248984627312,0.16986644137597687,0,0,889,23,0,3,0
162.45786123317004,0.10303003192796065,0,0,664,23,0,3,0
186.58259727672754,0.04061279135695474,0,0,198,21,0,3,0
243.29292124313073,0.2848424427617793,0,0,785,10,1,1,0
336.09852145201506,0.17109801209307174,0,0,156,0,0,4,0
66.87236107064814,0.0006640815721875654,0,0,50,14,1,3,0
75.64051830913345,0.003393690923390784,0,1,479,23,1,5,0
19.804405878104085,0.07770118928544191,0,0,228,3,0,2,0
134.5121039914152,0.019625825489865686,1,0,951,17,1,5,1
10.49061563162855,0.01945170090550795,0,1,457,16,0,3,0
98.99104222731644,8.746000891353088e-06,0,0,522,6,1,2,0
122.34418785306889,0.2241441945298632,0,0,149,17,0,2,0
55.644599047178374,0.06736086495680484,0,1,58,12,1,2,0
139.0448795219263,0.14256323503607976,0,0,162,19,0,3,0
9.646259315221183,0.18508889144802548,1,0,863,19,0,2,1
10.709524892418408,0.23687510750575747,0,0,477,9,0,5,0
264.4027054307204,0.08017400873143195,0,0,107,0,0,0,0
71.98775363116171,0.04192548114951129,0,0,427,1,0,1,0
25.383356194614198,0.009620114394245243,0,0,395,16,0,3,0
115.79803824185234,0.009730483364476841,0,0,801,21,1,0,0
225.44719106686028,0.0008579351284711736,0,0,186,2,0,2,0
41.46770051448551,0.23366783413028758,0,0,558,16,0,4,0
151.28294279847393,0.010199502757094437,0,0,957,11,0,4,0
18.381654348484595,0.01702721741794974,0,1,446,23,0,3,0
12.95976438654641,0.11220363805192578,1,0,641,11,0,2,0
118.68634109382815,0.23053484757908757,0,0,917,19,0,2,0
121.68656640421133,0.08595397831809032,0,0,830,9,1,1,0
157.18061723069238,0.00017755961410549566,0,1,448,6,0,3,0
199.24408443750264,0.19526199955144843,0,0,87,9,1,3,0
563.5335513049989,0.22310675942568378,1,0,249,17,0,0,1
113.94366788455343,0.0016707271858968902,1,0,841,21,1,2,0
63.50295711589682,0.2025875227162674,0,0,440,5,0,0,0
242.84809695990293,0.030289169511156597,0,0,257,6,0,5,0
52.37771981542059,0.015674281249132813,0,0,277,16,0,1,0
91.69751469099519,0.00018562457224804768,0,1,790,11,1,4,0
17.255775287550485,0.0581020875425137,0,0,438,16,0,2,0
8.851641431221157,0.0260707315359727,0,0,516,17,1,3,0
498.1069884902903,0.009422983269204356,0,0,577,13,0,1,0
276.16514631725937,0.8510781948242828,1,0,947,10,0,0,1
183.59640991990125,0.21161140139036896,0,0,202,1,0,4,0
83.87894666977128,0.09381931099234118,0,0,575,20,0,4,0
33.545980421316315,0.03355669881255643,1,0,655,0,1,4,1
30.51811123592812,0.0029647408797621477,0,0,756,10,0,1,0
48.20089836898754,0.003080682779916032,0,0,804,1,0,2,0
124.51859724699719,0.18602957193177141,0,0,797,15,0,3,0
193.07739316651637,0.19209109752162914,0,0,180,21,0,3,0
166.90855245451976,0.02630201674669537,1,0,686,2,0,3,0
54.261839208349386,0.00794726105074269,0,0,325,19,0,2,0
469.71552478344597,0.0003016954769606232,0,0,925,0,0,2,0
205.85261073128396,0.002716309083938935,0,0,623,20,0,5,0
126.2345722896997,0.20003401157939474,1,1,687,19,0,2,1
146.90457080561526,0.015438929890103443,1,0,475,7,0,2,0
86.6056798298077,0.03138904151029949,0,1,665,18,0,1,0
47.699193841109526,0.4868681959249347,0,0,976,0,1,2,0
71.00211939846686,0.013559413974174787,0,0,400,4,1,4,0
217.72727716350698,0.017144325356941017,0,0,868,0,1,3,0
7.174711958120641,0.1524667514325798,0,0,217,10,1,1,0
23.507058835996407,0.02983048655143134,0,0,809,20,0,3,0
12.064156542878079,0.006060130892417888,0,0,961,8,0,2,0
11.237217787593863,0.01143727890276601,0,0,453,4,0,1,0
295.1304550423488,0.00810494484477231,0,0,404,1,0,0,0
187.43609175510323,0.022730569274864918,1,0,965,12,0,3,0
101.41768916193385,0.07166147139942093,0,0,932,17,1,4,0
20.44353776717199,0.0009748489548287691,0,0,989,11,0,4,0
106.47769486958498,0.04669647496014637,1,0,240,13,0,1,0
101.21754981415567,0.055008483559507645,0,0,738,4,0,3,0
33.529206920033744,0.050186959688394095,0,0,186,23,0,2,0
90.33486969534857,0.25661475444627463,0,0,48,9,0,3,0
81.25049218748103,0.09766108984320665,0,0,978,19,1,1,0
148.50836493697017,0.06532552260151388,0,0,386,1,0,2,0
156.2171804061368,0.20547715232483774,0,0,208,3,1,2,0
11.95434860308021,0.028242825586885827,0,0,157,11,1,6,0
75.40760069825923,0.06653678013553133,0,0,225,10,0,6,0
152.46874921740928,0.005655330478773033,0,0,144,3,0,3,0
109.91591789116846,0.010731798547624323,0,0,419,10,0,2,0
296.2024179763158,0.4455089103878471,0,0,111,8,0,1,0
166.24621460824966,0.14954795339347354,0,0,830,9,0,3,0
31.6779303150961,0.07998687661632536,0,1,875,5,1,2,0
15.977365438436125,0.008324895031574905,0,0,874,14,0,3,0
159.25912206633367,0.010419828088920453,0,0,465,9,0,2,0
9.030360900109164,0.0029338625718646574,0,0,132,21,0,4,0
137.2021066710936,0.00300072053281958,0,0,625,20,0,3,0
427.58831830807276,0.350734012395618,1,0,836,5,0,2,1
133.51736683663168,0.4579825767962391,0,0,947,0,0,2,0
78.69510383358609,0.0413683524326179,0,0,601,20,0,3,0
159.6240736767473,0.00018637343582645442,0,0,673,21,0,1,0
96.94339610766369,0.5674663902969821,0,0,334,23,1,7,1
123.32215408644802,0.0017294484357781527,0,0,920,19,1,2,0
430.71907193494985,0.020844021307039978,0,1,75,20,0,3,0
78.18912910252807,0.23305597772208328,0,0,793,3,0,2,0
492.3637792260131,0.02176000059740619,0,0,412,22,0,2,0
358.63642756548785,0.18080468739935213,1,0,519,21,0,2,0
37.6844391410675,0.04766913459381284,0,0,625,13,1,3,0
15.782623295473552,0.0008959737657728749,1,0,36,19,0,3,1
20.93380032224453,0.00676948928640164,0,0,778,21,0,2,0
7.758483177085056,0.4180410011765766,0,0,625,19,0,1,1
19.88075174836312,0.09170439584107709,0,0,804,7,1,1,0
177.33123088657507,0.4679718015471793,0,1,223,10,1,3,0
16.077444041964053,0.07999282601402642,1,0,723,14,0,2,0
62.62357824423027,0.026626964857941905,0,0,530,18,0,2,0
284.52890601459154,0.009164395555586546,0,0,241,7,0,2,0
8.532050477106726,0.000706659729033764,0,0,134,12,0,2,0
257.6795759278938,0.08819043428372436,0,0,732,17,0,1,0
54.66252002594442,0.07763979448384631,0,1,391,21,1,4,0
23.862517974366146,0.10288422078894098,1,0,102,23,0,2,0
183.973311265987,1.629950979544854e-05,0,0,652,16,1,3,0
153.70987646498304,0.13733137164428696,0,0,681,5,1,1,0
319.912372113042,0.03077742322077588,0,0,498,14,0,0,0
204.24403681466006,0.03261376349455862,0,0,511,12,0,3,0
249.04937089909674,0.0082160281407501,0,1,703,17,1,1,0
54.70007934601078,0.01676994802768098,0,0,994,10,0,2,0
34.29999440606704,0.0038878020830906738,1,0,537,12,0,1,0
213.3134594008137,0.11905802112395318,0,0,977,0,0,4,0
251.63137748651295,0.13767240812272757,0,0,949,17,0,2,0
703.5507335210345,0.16612718391167863,0,0,545,4,0,2,0
84.81190312289075,0.037370547828607055,0,0,343,5,0,3,0
74.7865867942599,0.07267193187291136,0,0,841,0,0,2,0
229.69317550153806,0.005455168913362123,0,0,6,6,0,5,0
67.51005063961297,0.0006412153615962129,0,0,958,3,0,3,0
405.52068865989895,0.00877331564451731,0,0,194,8,0,2,0
298.2258735749374,0.336062385846968,0,0,742,14,0,5,0
89.05334141632395,0.03381950795354671,0,0,137,5,0,4,0
213.46770747431916,0.000983074182777435,1,1,835,16,0,3,0
215.69494802825258,0.12897130985819896,0,0,912,19,1,2,0
21.325627821007703,0.03808736124552379,1,0,473,17,1,1,0
354.2668521301448,0.3846965439762958,0,0,216,21,1,3,0
110.55612346351315,0.033876919818764735,0,0,349,3,1,2,0
267.6998836284995,0.17460905370147112,1,0,876,8,0,2,0
62.86031392467624,0.361287153449718,1,0,183,13,0,2,1
343.81857718188894,0.016187164078236498,0,0,168,2,0,2,0
78.94826810902569,0.08984313133477013,0,0,794,0,1,0,0
6.634520992276322,0.0011776237553964303,0,0,38,10,1,0,0
358.6860945443681,0.0016090739470478908,0,0,675,0,0,1,0
19.35884158227129,0.005473725124020565,0,0,471,11,0,1,0
62.69804500775583,0.2885774973583363,0,0,452,8,0,5,0
454.54585747824285,0.04655106943563465,0,0,955,4,0,1,0
456.1924310155984,0.025045448238024844,0,0,490,14,0,5,0
132.79959365828955,0.07318683378200279,0,0,142,17,1,2,0
154.8845120585787,0.15549173962085708,0,0,760,8,0,0,0
94.25219954342865,0.041684312659619006,1,0,943,12,1,3,0
57.05341681192955,0.04181138519016679,0,0,103,12,0,2,0
64.77295018255846,0.06982139753835546,1,0,711,23,0,2,0
172.44853698927594,0.020787202454389638,0,0,712,12,1,2,0
214.37568104946158,0.44293156384545607,0,0,42,9,0,5,0
240.2293124331723,9.808650653276754e-05,0,0,947,9,0,4,0
238.82465477731125,0.18450144400641993,0,0,147,21,0,6,0
19.345541981047916,0.0476730973979941,0,0,66,6,1,6,0
107.30743948600339,0.005229284439357171,0,0,943,21,0,1,0
13.89225596731067,5.262512502212041e-05,1,0,193,4,0,2,0
124.61919735430894,0.004553023131156861,0,0,298,19,0,1,0
92.38329124809253,0.0003941640243039453,0,0,38,6,1,1,0
332.99279963312017,0.0001833583317644672,0,0,502,19,1,7,0
69.82874292018276,0.03333656192235652,0,0,653,9,0,2,0
23.67589663286763,0.012968059224653421,0,0,618,9,0,3,0
28.146148181317905,0.042290457257429984,1,0,428,20,1,4,0
220.01458206186408,0.011226916637254917,0,0,664,23,0,2,0
149.43585196220525,0.31666391406228006,0,0,352,12,0,0,0
20.991306836807816,0.48095449048631406,0,0,926,14,0,3,0
18.17832825029076,0.03836010673923249,0,0,326,5,0,4,0
186.08127074796496,0.08762856372113123,0,0,38,19,0,1,0
16.33191342886957,0.012411642559788072,0,1,97,11,0,3,0
263.7778780712872,0.00041334379351272183,0,0,108,18,0,4,0
188.74996296950076,0.010932336732804953,0,0,631,10,1,2,0
17.72731258704681,0.03928899557306408,0,0,151,5,0,4,0
18.298080166671003,0.22379026504361468,0,1,74,0,0,1,0
652.3187843087138,0.047276938651776304,0,0,57,1,1,4,0
75.32563738284344,0.008884145117087601,0,0,878,22,1,1,0
74.45828907129687,0.003537067223258341,0,0,335,14,0,0,0
256.3363104924016,0.008441921731786999,0,0,252,3,0,3,0
446.3246806944866,0.02580981063667514,1,0,919,4,0,2,1
645.3160909402976,0.023795215804274673,0,1,804,14,0,6,0
214.98488451745126,0.2642410470826898,0,0,825,10,0,4,0
75.80314994286884,0.01874372816407074,0,0,767,9,0,3,0
18.07909905469359,0.0022957835437473397,0,0,254,16,0,2,0
230.18638106819384,0.08272877293123355,1,0,385,1,1,0,0
127.60406113422394,0.215487119942823,0,0,456,19,0,2,0
87.80496879574606,0.01393502984456973,0,0,259,23,0,5,0
360.2356513217136,0.07254473220843907,0,0,782,9,0,1,0
22.682031195782038,0.0007120723611249498,0,1,465,19,0,2,0
106.77576640594314,0.05654292370589366,0,0,34,2,0,3,0
6.712788414881251,0.004373276261567872,0,0,495,18,1,2,0
99.85315543743893,0.1500471664174026,0,0,326,4,0,2,0
13.692564659888866,0.08749788130242782,0,0,837,2,0,2,0
23.973649389675682,0.2523938058486489,1,0,238,7,0,5,0
23.75393480111844,0.0005762315298272153,0,1,691,4,0,2,0
162.13525796104574,0.256194284086767,0,0,616,11,0,0,0
210.58965763947091,0.07837393845237034,1,0,541,13,0,2,0
136.33306658043028,0.13801695073487596,0,0,739,6,1,2,0
496.20803136535653,2.4765068184410587e-07,0,0,466,10,1,2,0
75.46948668804008,0.10393110051631317,0,0,744,7,0,3,0
55.47037361308381,0.02148693069296374,0,0,304,4,1,5,0
309.42538072553447,0.02215399928421177,0,1,862,7,1,2,0
42.962310159778006,0.025377687780080333,0,0,847,11,0,3,0
500.4305159377866,0.07273125689757906,0,0,117,14,1,3,0
6.834341653845396,0.06154287706495878,1,0,207,18,0,2,0
530.3790384319223,0.12966880149444848,0,0,912,15,1,3,0
11.617849792775285,0.0010324295506801545,0,0,697,13,0,2,0
337.65818437400134,0.0036892784941567323,0,0,481,6,0,1,0
117.52148755240854,0.47329488087608523,0,0,650,7,0,3,0
748.524291188905,0.05887644301867977,0,0,403,6,0,3,0
16.49920639316824,0.05338272474520428,0,0,997,17,1,3,0
126.06644956000233,0.08572155759133403,0,0,835,23,0,0,0
527.5362831884008,0.10636975560615412,1,0,676,5,0,1,0
116.0665899771566,6.122132806155914e-05,0,0,900,18,0,3,0
153.8942435571781,0.01356844510784951,0,0,587,3,0,3,0
183.48518571751612,0.0015470857032707358,1,0,233,22,0,0,0
95.91916335154264,0.0002781905401333212,0,0,929,2,0,3,0
153.1511259512033,0.03838365954647537,0,0,284,16,0,1,0
136.67387927086335,0.041229270251117535,0,0,480,21,0,2,0
352.1349154223971,0.010400816129615149,0,0,889,18,0,3,0
11.976719261522145,0.06854747473940727,1,0,767,14,0,4,0
54.47640888481377,0.08286888450253985,0,0,976,5,1,1,0
455.5994008791397,0.15711372584472447,0,0,9,11,0,4,0
336.4513742680229,0.1117664278970427,0,0,715,18,0,5,0
96.226289293943,0.20358181230945363,0,0,902,5,0,6,0
150.1899543108466,0.09124178593827913,0,0,379,10,0,4,0
53.73101298426952,0.0993235296235229,0,0,817,19,0,1,0
36.26062421540968,0.06654424944862299,0,0,603,19,0,0,0
98.45878982061481,0.07804265780207839,0,0,381,9,0,2,0
70.39303019251001,0.15020497746248537,0,0,844,15,0,2,0
136.43655590099647,0.04397156901827975,0,0,662,17,0,0,0
17.13834266497772,0.03793074218088768,0,1,360,13,1,3,0
554.7440183783851,0.18799450010253857,1,0,176,3,0,2,0
647.5798363328807,0.056588148574077665,1,0,485,11,0,3,0
184.67958228691842,0.11390332537443548,0,0,405,19,0,4,0
120.21176516181349,0.13871098467923423,1,0,33,22,0,1,0
60.556895233154,0.007255221745504547,0,0,465,20,0,2,0
257.1360751231995,0.0011103846740837368,0,0,696,7,0,2,0
178.14943754732235,0.0007402863903274764,0,0,157,6,0,1,0
31.621048115073258,0.1736596883310885,0,0,565,8,0,5,0
367.74516379986915,0.24227430281119924,0,0,808,23,0,4,0
264.3491767050907,0.025424288129222407,0,0,202,16,0,3,0
453.7607787550154,0.04474864406254517,1,0,786,9,0,2,1
199.04060062942014,0.000145100698071761,0,0,175,2,0,3,0
147.56060293870593,0.1043853396393105,0,0,244,20,0,2,0
86.255375988967,0.13485458863866864,0,0,269,7,0,3,0
409.8527542320677,0.0006476924772057292,0,0,923,13,0,4,0
306.558857007038,0.06371433257230556,0,0,446,6,0,2,0
11.940940797968418,0.04856282319297529,0,0,74,15,0,3,0
9.008122529976704,0.014697265687605557,0,0,96,17,1,1,0
75.85216423748943,0.0571076430464628,0,0,873,10,0,2,0
254.54715844941293,0.0007127690718259445,0,0,173,5,0,2,0
659.6413202330251,0.003762801804793622,0,0,899,19,0,0,0
29.451426490171954,0.0033956704849612152,0,0,406,20,0,6,0
140.25861953236037,0.09654608129236185,0,0,155,13,0,2,0
76.92105496371441,0.0004105402283007863,0,0,183,20,0,3,0
530.5562831563943,0.030323379087054663,1,0,323,12,0,3,0
281.8869811150452,0.0018963467056592968,0,1,289,3,1,1,0
278.3285069704786,0.0008896533005665791,1,0,258,19,0,1,0
99.86233567096603,0.006001169373975909,1,0,587,19,1,1,0
85.37524044910235,0.04487474476153508,0,0,174,10,0,1,0
52.908333822509185,0.01878291940821271,0,0,330,17,0,1,0
13.704044576725432,0.02791827437242362,1,0,231,0,0,7,0
305.0639210004965,0.012599786422397478,1,0,759,11,0,5,0
256.4176158874884,0.024112847308736512,0,0,161,17,0,3,0
1230.8668396727123,0.0054388761672579744,0,0,186,6,0,3,0
859.23101011165,0.0076455885967110305,0,0,903,11,0,2,0
126.5977388962091,0.2788593597331538,0,0,143,0,0,2,0
224.79246353093913,0.2856864325393975,0,0,282,21,0,1,0
439.4257524311654,0.030172426335791987,0,0,907,3,0,3,0
289.21580220638685,0.0006155083043633995,0,0,640,17,1,2,0
47.62286668717198,0.028759735128950636,0,0,678,14,0,0,0
94.82402410997967,0.016542274097800597,0,0,27,2,1,3,0
25.7444516469633,0.0050018497598226415,0,0,246,6,0,3,0
467.0335679662563,0.08370045896094078,0,0,487,5,0,1,0
144.77715538829273,0.0757871285516668,1,0,647,14,0,2,0
43.94055881277256,0.11836015498080739,0,1,897,14,0,4,0
172.07443087598753,0.00011717643025624852,0,0,202,5,1,2,0
149.40056521146076,0.061240649879441576,0,0,21,7,0,1,0
71.5130693445659,0.20117018740905138,0,0,591,7,1,4,0
23.08086820977039,0.03685868121898464,0,0,670,21,1,2,0
172.01619252786531,0.03825044331794389,0,0,94,0,0,2,0
115.19156362790567,0.0776533212263643,0,1,8,12,0,4,0
226.97106214407725,0.04995366634634836,0,0,472,22,0,0,0
115.14647906352727,0.04758345222239556,0,0,339,23,0,1,0
291.7655166962726,0.2279629338823665,0,0,259,20,0,1,0
125.41311785322313,0.007370300795877168,1,0,55,12,0,3,1
128.46718714702206,0.029761417787502832,0,0,911,10,0,3,0
318.9137964844657,0.0030830126100798616,0,0,548,3,0,6,0
82.49709709821755,0.005771023196044067,0,1,6,6,0,2,1
26.583193308544843,0.10621345069251174,0,0,377,11,1,4,0
9.380753214814202,0.002030821086251732,0,0,554,12,0,1,0
216.05861789938785,0.1538752505265767,0,0,50,21,0,2,0
150.25984505910193,0.00033646877849427597,0,0,112,11,0,2,0
187.64980216968146,0.006129077263306831,0,0,146,15,1,1,0
40.92222402401652,0.13756886339894872,1,0,230,5,0,3,0
26.991882684241798,0.03435580116327117,0,0,723,13,1,8,0
7.1977214398503175,0.0183958274241512,0,0,497,18,1,3,0
69.75308922726039,0.16204979463265282,0,1,306,15,1,4,0
138.70960634974168,0.1376135827658283,1,0,542,3,0,2,0
79.6972801341726,0.024616340105605403,1,0,461,4,0,2,0
91.29793442426468,0.018232506478868184,0,0,807,8,1,2,0
356.75922844721623,0.00936116190229631,0,1,628,23,1,2,0
69.21539216376675,0.20466376653920215,0,0,908,2,1,5,0
113.22875421084817,0.01163357100302621,0,0,226,21,0,2,0
234.63076065795525,0.1994672705958886,0,0,59,9,0,5,0
80.76201969487695,0.004288160832280443,0,0,76,16,0,3,0
150.9635713029628,0.04358741539331883,0,0,428,18,1,3,0
302.471096552646,0.0025996161390672108,1,0,728,9,0,4,0
452.92856230620015,0.08273321203672097,1,0,132,11,0,5,0
28.862281897225397,0.263154478663901,0,1,932,22,0,2,0
396.7494144563118,0.009253611229535568,0,0,498,6,0,1,0
106.62541714932959,0.00037136172786034183,1,0,816,17,0,2,0
49.810318152709364,0.006269885983316147,0,0,910,18,0,2,0
97.18804510560463,0.0028883364267793883,0,0,593,14,0,2,0
592.0479646370887,0.16930371396950408,0,0,305,6,0,3,0
106.77369390010396,0.0014179191479403196,0,0,67,11,0,1,0
64.79240481507497,0.16635552711812332,0,0,230,21,1,2,0
155.52294109364894,0.02207422080693598,0,0,983,6,0,2,0
46.19427015734044,0.007178592585441995,0,0,333,9,0,2,0
16.834295746435256,0.12559561745667716,0,0,905,23,1,1,0
25.69628295686238,0.026144810172995855,0,0,277,21,0,2,0
25.55276361005107,0.012168978863956771,0,0,873,19,1,5,0
29.713985233500946,0.00046223797873750174,1,0,584,9,1,3,0
27.419009910127482,0.04760788065076665,0,0,721,22,0,3,0
158.61260766137096,0.0704204410037802,0,0,784,4,0,6,0
35.11195355517224,0.04144706838107254,0,1,144,17,0,2,0
68.62089736922078,0.2880950321918835,0,1,251,8,1,6,0
345.64611876925363,0.012532652085778164,0,1,796,15,0,2,0
101.35717124698905,0.0007759152908935282,0,0,691,6,0,3,0
170.19336254785708,0.030035204113657094,0,0,952,9,1,1,0
33.369277566982475,0.0015402595877229955,0,0,80,4,1,2,0
37.03264714926426,0.049808939091262716,0,0,57,6,0,1,0
11.259081907634796,0.1976294997927574,0,0,366,4,0,3,0
32.757101609837136,0.013204632004781816,0,1,308,14,0,4,0
53.982217794671826,0.30774496570809623,0,0,174,18,0,5,0
34.22177262246619,0.01973364295002614,0,0,462,9,1,3,0
18.932886179055135,0.034621077248748904,0,0,750,7,0,2,0
24.28343202400288,0.010789263857353753,0,1,678,23,0,4,0
97.64440150480686,0.10624243550407575,0,0,596,8,1,4,0
39.66383095176449,0.01937877893880883,0,0,493,10,0,4,0
72.94716732663778,0.0049880435143412685,0,0,560,21,1,2,0
110.00077770714955,0.0016536771663835663,0,0,639,1,0,2,0
180.86861510188132,0.1453197197252782,0,0,681,2,1,0,0
11.015859515002314,0.2450973574764134,0,0,866,12,1,2,0
245.97413657391795,0.1540621027202189,1,0,374,10,0,1,1
153.28905355509445,0.015985983156426447,0,0,955,9,1,3,0
17.79431455645014,0.1037818696258594,0,0,349,14,1,2,0
315.2202047732136,0.3022140100424432,0,1,67,5,1,4,0
385.5040319568392,0.035335918488205074,0,0,330,0,0,3,0
14.45342413402451,0.03374838002920709,0,0,852,13,0,2,0
53.62652646929762,0.14330464878561402,0,0,194,17,0,4,0
251.14027748399639,0.02261661012160421,0,0,155,23,0,1,0
211.90358603214625,0.0027565459033329917,1,0,160,10,0,3,0
35.59694480927007,0.01900810033319125,0,0,696,7,0,4,0
40.23485467722998,0.015818252893386148,0,0,266,21,0,1,0
74.41776650365546,0.0031502298928379794,0,0,168,2,0,2,0
104.39938470029216,0.009812105696402746,0,0,145,13,1,2,0
149.4502751087828,0.13498111051592898,0,0,186,1,1,5,0
74.04688445005267,0.10266257837314983,0,0,886,15,0,4,0
98.13366638313764,0.170358669721304,1,0,865,5,0,1,1
211.43434105847638,0.10637651399957906,0,0,774,0,1,3,0
10.605942848221769,0.02043055141824452,0,0,423,13,0,3,0
48.640493282359586,9.355432048584413e-06,0,0,786,9,0,2,0
192.42378124340385,0.007948266357804894,0,0,457,5,1,4,0
343.365013149592,0.12161669927795758,0,1,840,8,0,3,0
112.51686683126013,0.005302826091266706,0,0,345,6,1,1,0
118.92942535296034,0.03206176767748816,0,0,735,1,1,1,0
22.004200781099506,0.08042875975978835,0,0,554,10,0,1,0
93.97148691253263,0.001183368735267701,0,0,516,13,1,0,0
119.09101985829349,0.31884921778543507,0,0,788,4,0,3,0
46.653920489098,0.04580253726209222,0,0,796,8,1,3,0
52.051191781781576,0.12641838914015296,0,0,936,6,1,4,0
76.0497477203708,0.12568031882773167,0,0,705,13,0,2,0
8.041304112547177,0.15603026832237296,0,0,104,15,0,5,0
63.30871418842036,0.017445142521278104,0,0,247,21,0,2,0
40.63354034354448,0.09729298422166514,1,0,812,15,0,4,1
64.5123845347974,0.04000277992758247,0,1,23,6,1,3,0
24.13446549271719,0.014978904836964601,0,0,953,9,0,2,0
336.8119849914537,0.29809061547399407,0,0,815,20,0,4,0
140.05982208193396,0.11490974686756102,1,0,525,5,0,3,1
175.49494368395474,0.002152834020104542,0,0,144,16,0,4,0
238.50635485666868,0.004070193941965711,0,1,730,0,1,2,0
108.50546327733277,0.12041029420637503,0,0,695,1,0,4,0
18.639814177618376,0.2309713485206041,0,0,863,13,1,4,0
120.53875449422338,0.2223120789637881,0,0,754,3,0,4,0
137.58845868070603,0.089684843749679,0,0,193,8,0,1,0
210.2324973212614,0.16639078973514257,1,0,465,22,0,3,1
89.75519740744731,0.1958191398959758,1,0,784,5,0,3,1
25.472700009396835,0.008565358149355037,0,0,375,16,0,4,0
55.06432703925559,0.23423934850153558,0,0,677,20,0,2,0
72.66722382119352,0.37251965887545885,0,0,692,10,1,3,0
160.73369174327925,0.00042702155136993065,0,0,629,3,1,0,0
131.86725818021296,0.008643536201613128,0,0,266,20,0,3,0
71.03101394777093,0.017604550947628996,1,0,378,8,0,3,0
650.9293658254718,0.09947408709274425,0,0,550,15,0,3,0
144.6249512700814,0.054648383627834266,0,0,556,2,1,3,0
45.61917931351999,0.044007251597766445,1,0,863,3,0,3,0
21.101450693733028,0.3926545425969676,0,1,74,23,0,2,0
29.88324388847388,0.0916539715231876,0,0,438,2,0,0,0
47.346027409271144,0.03134659246957935,0,1,881,12,0,4,0
31.274731243144103,0.14709649959515894,0,0,226,18,0,2,0
35.97376181818706,3.594159305158313e-05,0,0,819,20,0,3,0
55.34087723231698,0.30038396667861644,0,0,308,0,0,3,0
33.56036504943305,0.0032712263944522733,0,1,966,22,0,3,0
345.6127174033873,0.01317978103327718,1,0,348,22,1,4,0
17.545356888800022,0.0005442014421041108,1,0,476,5,0,1,0
116.5118525169054,0.0005502199741142702,0,0,315,21,0,3,0
84.24583347339535,0.00025140960121350646,0,0,525,2,1,4,0
610.796324902388,0.09027575669329903,0,0,425,2,0,2,0
22.824101854610735,0.0024610767632014586,0,0,524,15,0,0,0
81.08869906136457,0.2870424074907208,0,0,562,9,1,3,0
528.3589496190073,0.060246096113048965,1,0,825,16,0,3,0
305.9366092952232,0.11236453883400503,1,0,946,6,0,2,0
259.7994551054269,0.05311542984221185,0,0,249,12,1,6,0
49.74126253002569,0.04132400052516983,0,0,631,10,0,3,0
33.10992991797313,6.713904516355994e-05,0,0,569,9,0,2,0
170.68393980226753,0.15953689237942867,0,0,182,6,0,3,0
402.5577642439933,0.13132745357110864,0,0,962,23,0,1,0
127.04756328571133,0.13632236328426714,0,0,776,5,1,4,0
132.15913421878798,0.007499515198026392,0,0,106,23,1,2,0
54.27125462159762,0.07885370240556912,0,0,191,0,0,3,0
225.12106376181328,0.015196380363100493,1,0,137,16,0,3,1
36.06169732191063,0.02670762595842357,0,0,700,11,0,3,0
63.66317196788489,0.16286149316965104,0,1,120,3,0,2,0
88.12168251047459,5.441633554588087e-05,0,0,754,2,0,0,0
111.27274439670478,0.0017873769548336343,0,0,831,5,0,1,0
46.64188753544087,0.05331099032886088,0,0,72,15,0,5,0
23.29749082162032,0.00889922320063146,0,0,755,12,0,3,0
146.47994861440347,0.11264920658329343,1,0,131,8,1,2,0
56.08450526548127,0.0011598381702065971,0,0,457,10,1,1,0
135.56796024386654,0.011131810734942045,0,0,781,19,0,4,0
30.14971291560197,0.020334453206903094,0,0,905,20,0,3,0
103.41820670427913,0.15291179880670716,0,0,479,12,1,1,0
119.08208721936167,0.10842545751005357,0,0,985,22,1,2,0
12.982197718568198,0.012372182362698651,1,1,52,18,0,1,0
66.55754020706348,0.07053661668610416,0,0,574,2,0,2,0
26.65239902478974,0.06116672877423364,0,0,119,11,1,3,0
14.820838815878732,0.06162467342568566,0,1,877,18,0,2,0
695.1801967092987,0.11045947088867611,0,0,264,7,0,2,0
63.369503377913034,0.04366289811026111,0,0,239,13,0,3,0
254.0105920654848,0.1001110084788198,0,0,351,21,0,3,0
49.08332514401021,0.040319100610722976,0,0,893,8,0,0,0
176.62120265305273,0.11048283640588395,0,0,255,23,0,2,0
219.20993342423128,0.038834592203401665,1,0,685,16,0,1,0
140.81698912537095,0.012095108865932987,0,0,309,5,0,2,0
100.67849660679076,0.0514177764526416,1,0,749,3,0,5,0
84.61367202580666,0.23920216725153548,0,0,831,3,1,3,0
69.35649525559622,0.16638446576490243,1,0,607,18,0,5,0
402.8834072331171,0.006384677279307928,0,0,849,11,0,3,0
271.3410606712697,0.21518926583811754,0,0,495,1,0,3,0
507.97645841235374,0.003039558695500332,1,0,57,16,0,6,0
24.909281275415832,0.00013581408218996902,0,0,950,14,1,2,0
201.88270451907613,0.05412189363108321,1,0,403,9,0,3,0
422.9190897891861,2.438972582310519e-05,1,1,67,2,0,4,0
34.99337145511966,0.13738940695119306,0,0,46,19,0,4,0
15.321547620874531,0.30675728255001466,0,0,606,3,0,2,0
207.7089729782933,0.7483357999034782,0,0,650,21,0,7,0
133.16407162980045,0.05419793840012003,0,0,369,0,0,2,0
281.61157119822167,0.0323244469231216,0,0,605,0,1,3,0
27.583736962128892,0.00689262407290161,0,0,232,17,0,4,0
242.9075166547802,0.015940397113137234,0,0,402,3,0,2,0
38.77696596005344,0.4160061351883713,1,0,908,22,0,1,1
31.807279844827697,0.1693204217083608,0,0,561,21,0,4,0
31.916698483992604,0.01097805789655169,0,0,23,14,0,3,0
257.7654923846013,0.1092290765932539,1,0,574,22,0,2,1
169.13204585239532,0.03414417697072261,0,0,267,20,1,1,0
116.05639345190666,0.006659719242451466,0,0,841,21,0,5,0
71.66921025171023,0.11575141565540903,0,0,118,9,0,0,0
319.58040009414987,0.0035096401826897653,0,0,952,16,0,1,0
79.74691245461673,0.021311400347195676,0,0,600,21,0,3,0
259.4123994272104,0.02534519962216042,0,0,601,11,0,1,0
91.74123216708206,0.009909007953627954,1,0,55,19,0,1,0
75.96793487266056,0.23571141721100064,0,0,153,11,0,2,0
98.17415898494039,0.003732701728100874,0,0,239,15,0,5,0
58.79679131459631,0.02799530067690341,0,0,265,4,0,5,0
211.51659694054092,0.009065946371676343,0,0,268,15,0,3,0
109.7904223543394,0.04614856419824392,1,0,907,16,0,4,0
44.636379649559785,0.1097557997101296,0,0,113,22,0,3,0
349.75097743258755,0.02675289703438173,0,0,166,14,0,4,0
77.6497613538067,0.008109487362410524,0,0,668,12,0,4,0
122.64235732666452,0.058237161267453305,1,1,8,7,0,0,0
360.424341306444,0.1419780212422895,0,0,714,20,0,2,0
151.8198955785996,0.0008017859078942134,0,0,217,1,0,2,0
23.64719237866696,0.020385329135772793,0,0,431,7,1,2,0
426.5925025898314,0.009282311392441095,0,0,292,9,1,3,0
153.21153934022394,0.021556609585001045,0,0,893,6,0,1,0
66.1739473326964,0.02019159071901084,0,1,50,9,0,3,0
27.49652309246387,0.5449654393221728,0,0,107,3,0,3,0
242.00020935204006,0.015371019305983325,0,0,9,10,0,3,0
150.16632613442786,0.17601471218565506,0,0,745,8,0,3,0
119.36207870735423,0.022742858936448673,0,0,700,3,1,1,0
341.4954995804668,0.18145063875977488,0,0,456,2,0,1,0
238.0985020544108,0.08544445203660773,0,0,323,10,1,3,0
29.673698018951132,0.007745964431084135,0,0,309,2,0,2,0
61.03438270937007,0.12390319081004163,0,1,850,17,0,5,0
47.85044278232569,0.031113168055945724,0,0,622,18,1,2,0
209.35520928026173,0.07722277241116551,0,0,995,13,1,1,0
10.11613097867569,0.018257424456623986,0,0,145,23,1,4,0
131.55703345792145,0.02846163475428834,1,0,740,10,0,5,0
220.61205737896682,0.0031647921644761033,0,1,821,23,0,2,0
319.0501016578907,0.11276412236423689,0,0,412,1,0,0,0
67.80118903176391,0.0024492004493352096,0,0,114,1,0,2,0
263.27119453115046,0.02637759883191437,1,0,575,1,0,2,0
22.5865827648166,0.06589294339984002,0,0,399,9,1,3,0
286.06159358175313,0.1526662987009744,0,0,275,22,0,2,0
25.456944579210624,0.017489941419037938,0,0,124,14,1,4,0
80.94719468147964,0.04147640175674338,0,0,86,21,0,2,0
244.40080449897349,0.0036237699218579222,0,1,582,11,0,3,0
29.363268488062424,0.03711582609323816,0,0,47,10,1,2,0
44.05895336671264,0.17061337439117322,0,0,711,16,0,1,0
197.15646464673583,0.10860886231812608,0,0,876,17,0,3,0
195.9644257987542,0.009286317771800738,1,0,944,13,0,3,1
158.7266313106086,0.3601120957985452,0,0,201,16,0,1,0
182.60025636314253,0.25514622029822437,0,0,276,14,1,3,0
122.37036517934573,0.4643316100542584,1,0,549,11,0,2,1
48.51255488891149,0.00026879582295778975,1,0,715,15,0,4,0
68.62747906898952,0.00044454439638571814,1,0,130,22,0,5,0
35.06019117747978,0.2921469559710221,1,0,448,5,0,3,0
363.63142089854773,0.1252385082949852,1,0,982,1,0,1,1
136.3413581954898,0.13990961742263172,0,1,804,1,0,0,0
81.83684892185335,0.12379219955239386,0,0,389,15,1,2,0
97.9861259481745,0.03751121183375701,0,0,576,1,1,3,0
446.4235605495816,0.01655541767051359,0,0,263,7,0,5,0
29.9704325192751,0.3850529750265776,0,0,966,6,0,5,0
137.3666913662831,0.26470480180990813,1,0,632,0,0,4,0
110.74916611897659,0.0014762298523277352,0,0,278,3,1,3,0
146.8016477004609,0.0025950070059448365,1,0,714,10,0,5,0
7.741427060974585,0.004550086588691076,0,0,46,19,0,4,0
313.5040283811045,0.0004497516434047516,0,0,168,6,0,2,0
408.4982805036878,0.04942193705935098,0,0,445,17,0,3,0
129.90731959150963,0.09670757441841966,0,0,622,3,0,1,0
183.93061107889372,0.16365054651868036,0,0,46,16,0,2,0
388.6204036768439,0.006474161055852835,0,0,724,10,1,3,0
189.25961800887774,0.37453305378287816,0,0,540,10,0,2,0
29.826576368618255,0.09424398499189098,0,1,87,19,0,3,0
133.80532247788403,0.0008442891943776408,0,0,803,10,0,1,0
144.98312855510224,0.014958853734568817,0,0,385,14,0,3,0
87.78117558842317,0.10092912155328682,0,0,669,13,0,1,0
205.0235455825088,0.03934670429054534,0,0,265,16,0,2,0
413.5515328643712,0.0030321615927282127,0,0,777,1,1,3,0
394.68143195811757,0.08831334501590837,0,0,22,17,0,2,0
94.90464444554264,0.14480971357731348,0,0,768,15,0,1,0
23.026805682767627,0.021731831964243224,0,0,703,11,0,2,0
633.376098368106,0.04137982344334128,0,0,450,9,0,3,0
278.8577166227664,0.012411223398082503,1,0,976,15,0,2,0
24.97189395755951,0.07050489091960946,1,0,232,2,0,2,0
385.4461911444914,0.019734051012508826,0,1,186,7,0,3,0
310.9135896840295,0.002011480754517303,0,0,326,21,1,3,0
114.73270789529738,0.006709036904244112,0,0,183,21,0,2,0
139.20706802436123,0.010425906341418913,0,0,397,23,0,2,0
81.37472651135204,0.03777323644408806,0,0,481,1,0,2,0
13.447722386494068,0.08464205589035724,1,1,403,21,0,2,1
66.23973294511117,0.08461270057525819,0,0,463,0,0,1,0
248.5711866599268,0.004126057721917475,0,1,417,13,1,4,0
5.696417609951433,0.1956349470941458,0,0,202,3,0,0,0
65.85708448852532,0.19655109360560238,0,1,65,3,0,1,0
81.16671422820173,0.4011606014016579,0,0,956,8,0,4,0
120.63245361858226,0.24193532170689871,0,0,908,2,0,2,0
383.58882142295624,0.2922666175218121,1,0,555,4,0,2,0
68.77656663361851,0.01449084245412464,0,0,733,0,1,2,0
68.9159728937743,0.005246134921253318,1,0,17,21,0,0,1
205.62634274983483,0.1346470708855319,1,0,836,18,0,1,1
95.2816660238509,0.2625607178075699,0,0,797,0,0,1,0
43.15737105540881,0.008148467206134198,0,1,183,9,0,3,0
95.34235258642326,0.47200092451718556,0,0,391,21,0,4,0
27.772988289708056,0.013319640475515563,0,0,44,11,0,5,0
34.108175481214516,0.002218410332151938,0,0,973,9,0,2,0
108.48320642042265,0.1064749884825576,1,1,901,1,1,2,0
86.43143243840105,0.00047809280398468493,0,1,700,15,0,7,0
374.49391028792195,0.33723546338897603,0,0,902,7,0,2,0
72.50518745595924,0.07835150033175109,0,0,482,13,1,3,0
135.3353575677908,0.027346186136814322,0,0,263,14,0,5,0
155.0586158776772,0.03587792525155752,0,0,174,15,1,2,0
6.977141723848884,0.14402919594805852,0,0,441,10,0,2,0
168.39022955539835,0.0025605862646810988,0,0,566,11,0,4,0
34.40879602988723,0.1825677046276627,0,0,220,1,0,2,0
491.89974084086396,0.5014265911202932,1,0,558,3,0,0,1
29.142035646527013,0.03340123853347543,0,0,394,2,0,1,0
85.32516718049104,0.04245955455399072,1,0,772,8,1,1,0
18.38201564757547,0.10745989818131305,0,0,195,17,0,1,0
870.2122422726139,0.006993389191369355,0,0,409,18,0,3,0
109.63202984873392,0.030174854754500612,0,0,471,6,0,0,0
140.72289861334187,0.058508379964459824,0,0,347,3,0,5,0
15.414807624238126,0.033486027268350545,0,0,462,5,0,4,0
212.92043828239986,0.039490664183265925,0,0,61,18,0,1,0
40.34042573753948,0.04930776396599962,0,1,166,0,0,5,0
347.49722852174455,0.04430649657461118,0,0,672,15,0,4,0
39.438324224125004,0.003197308457570563,0,0,151,10,1,4,0
36.73556447132238,0.2072529250864707,0,0,111,21,0,2,0
10.585151278650825,0.04614049012203957,0,0,488,3,1,3,0
100.81786899431958,0.0007646194134588261,1,0,549,17,0,4,0
129.8066155514271,0.013889856987381223,0,0,3,22,0,1,0
15.19504102687347,0.18391766831280026,0,0,483,4,1,2,0
229.10038903975584,0.08663885131346298,1,0,13,21,0,2,0
95.57519754404326,0.1577383354157589,0,0,162,5,1,2,0
116.47364818888953,0.02540547675666392,1,0,344,1,0,2,0
92.17722076813705,0.2839031029298197,0,0,449,11,1,1,0
81.8147301912382,0.10929402099463693,1,1,332,21,0,1,0
128.0245185706812,0.08802229063837604,0,0,264,8,0,4,0
30.305451014143323,0.11560178132779086,1,0,83,19,0,6,0
35.120762931293825,0.1533899085889838,0,0,777,11,1,5,0
301.8423992444211,0.40325326243188764,0,0,924,12,0,3,0
443.13675638970284,0.16688346547404198,0,0,334,21,0,6,0
75.09532812127078,0.0002077990121754566,0,0,380,22,0,2,0
52.359704853899906,3.72935778498825e-05,0,0,219,16,0,2,0
159.92348976416855,0.043445280384199994,0,0,658,4,0,3,0
83.82343514108695,0.04791801070752883,1,1,810,19,0,4,0
8.857122309897054,0.0005776676822377821,0,0,809,12,0,2,0
30.467540494926592,0.004716840310651434,1,0,454,12,0,6,0
193.80248897795684,0.30700199114214166,0,0,673,9,1,2,0
166.34746734763036,0.013343318315288436,1,1,741,14,0,2,0
9.120478682666015,0.03996162350358806,1,0,746,14,0,1,0
42.64894608000575,0.002965386863468554,0,1,89,17,0,2,0
44.41423684263965,0.2319532168749142,1,0,333,17,0,3,0
172.16220842417778,0.004306482939668627,0,0,310,1,0,2,0
7.98610719382091,0.10873360387084224,0,0,727,22,1,3,0
21.490408790205922,0.008596006518270584,0,0,420,10,0,2,0
246.35276409443622,0.005646990162548382,0,1,609,12,0,0,0
34.501656417767805,0.004926279027004676,0,0,725,10,0,1,0
163.65486333808653,0.0018006516623741947,0,1,354,3,1,4,0
45.807293331349285,0.031945860099270654,0,0,824,14,0,3,0
20.711005022730696,0.04035310159719079,0,0,100,21,0,2,0
46.79292746171709,0.02043438364714813,0,0,145,22,0,1,0
197.16422196455477,0.0376746560802709,1,0,10,10,0,0,0
295.3754506180894,0.01306771672365672,1,0,983,17,0,2,0
270.98764999633465,0.004893988240926755,0,0,44,15,0,1,0
80.92137342126327,0.053377572908449626,0,0,763,9,0,2,0
170.43151676068925,0.059735871645890275,0,0,386,11,0,1,0
39.40901154934712,0.02629461819581345,0,0,739,12,1,2,0
57.04003829187752,0.2971313156186526,0,0,910,8,0,3,0
344.98979429463566,0.0048027624723780025,0,0,761,20,0,3,0
6.96307825944275,0.3711063626612207,0,0,495,12,0,6,0
18.40807094456737,0.008402509029778524,0,0,493,5,0,1,0
39.95754203597228,0.05432889645476194,0,0,169,5,0,2,0
9.033580283647533,0.06559316517975776,0,0,642,10,0,1,0
35.03045049354091,0.2520636188244067,1,0,531,18,0,2,0
136.215309311655,0.0027706690891238198,0,0,336,10,0,3,0
87.07794775517006,0.0017667302914375082,0,0,747,9,0,2,0
339.77945312327415,0.021505857413703866,1,0,857,22,0,3,1
260.10438545292175,0.19509625470121622,0,0,513,14,1,3,0
67.74092077535481,0.0425352037322142,0,0,130,12,0,2,0
50.04893782209178,0.0007915208686890614,0,0,539,22,0,3,0
76.63097121628066,0.1229596579645153,0,0,514,7,0,6,0
138.84766252149578,0.020345721339099235,0,0,250,4,1,1,0
51.80925647229093,0.012577756995945016,0,0,734,1,0,2,0
151.78433683206313,0.004386255837368934,0,0,947,15,0,2,0
83.99540589197167,0.0001984609691346079,0,0,138,12,0,3,0
125.46010497722666,0.0035179651012384686,0,0,275,18,0,3,0
90.93880926366681,0.0982185948791322,1,0,464,8,0,3,0
57.31999628934997,0.0029843148196887813,0,1,141,14,0,1,0
449.7900831728305,0.21565152165736648,0,0,944,5,0,1,0
221.33817555989543,0.1672634406052471,0,0,256,7,0,3,0
27.64317471845313,0.10061315885110987,0,0,882,23,0,3,0
309.27573915789856,0.018068337767028982,0,0,824,13,0,0,0
105.24804944928746,0.024996471051553,0,0,456,4,0,3,0
342.4309235434615,0.021564299322903328,0,0,952,16,0,4,0
246.30716808948506,0.19862982689893083,0,0,434,21,1,3,0
88.0634928887911,0.13946291178809417,0,0,607,6,0,6,0
8.408838421631017,0.11057048521402824,0,0,173,8,0,1,0
51.935082166473,0.00603351155872326,0,0,473,15,0,4,0
122.01316335196944,0.04624282462005042,0,1,955,17,0,2,0
155.55459979018045,0.06695288747297735,1,0,423,12,0,4,0
49.73820198934084,0.20662075221027132,0,1,917,17,1,0,0
27.511162824607332,7.490896054971397e-05,0,0,439,9,0,5,0
275.20806307435873,0.09773064235011668,0,0,57,0,0,4,0
629.0936244780851,0.17101638593887303,1,0,498,20,1,0,0
116.88418204581303,0.14011904481482906,0,0,614,17,0,4,0
33.25322954901109,0.1193514553213298,0,1,169,18,1,3,0
52.68147075933993,0.016558714684866502,1,0,989,1,0,2,0
7.784283111614901,0.05365071898676155,1,0,582,3,0,3,1
373.53327915403355,0.010015103831507282,0,0,850,10,0,1,0
23.792156576930452,0.020212077636819103,0,0,561,2,0,3,0
133.88610033022337,0.2864241460468251,0,0,428,8,1,3,0
53.042199290418935,0.022711042464732066,0,0,419,9,0,1,0
126.1753273110478,0.07733309186253297,1,1,347,1,0,5,0
163.08329509790406,0.08485271983284516,0,0,517,6,1,1,0
270.56587886335404,0.049228671561226026,1,0,455,14,0,1,0
39.680379125680375,0.2490526663160638,0,0,714,18,1,4,0
6.658509444754579,0.2183768240510492,0,0,202,9,1,1,0
27.08121060310858,0.005894938693357966,0,0,179,23,0,2,0
350.41572932797726,0.00022120240873262504,0,0,57,19,0,3,0
315.5902028079684,0.04414785345315409,0,0,698,13,0,2,0
141.47664652947387,0.031928836872627465,0,0,604,3,0,1,0
142.63755777580204,0.3021357796085175,0,1,804,10,1,2,0
169.06013441112688,0.008215696572536955,0,0,906,2,0,2,0
33.92330429578283,0.04877271354662312,0,0,946,22,0,2,0
373.7314341156952,0.05544092692748026,0,0,995,16,0,2,0
86.3914451519477,0.037412177777088565,0,0,501,6,0,1,0
77.46661989918026,0.0695913885081269,0,0,739,10,0,2,0
114.75753989340215,0.22253630330930388,0,0,933,17,0,0,0
12.215699643796583,0.2653785083260148,0,0,112,13,0,2,0
32.27925575739085,0.21023605355400468,0,1,148,13,1,1,0
205.9308635635945,6.946673837617577e-05,0,0,781,5,0,2,0
17.96424135077654,0.171913249017603,0,0,715,8,1,2,0
143.63033284776733,0.0011592936064980868,0,1,378,21,0,1,0
47.225005040066115,0.010350063547871984,0,0,877,2,0,1,0
78.97133853877826,0.02932681332604963,0,0,915,16,1,0,0
56.0978287931219,0.2048081214703784,0,0,348,11,0,5,0
70.93227165842802,0.016708309829668613,1,1,358,3,1,3,0
195.43459799580302,0.025671295952107973,0,0,56,19,0,2,0
57.88573094083263,0.00609813968628969,0,0,813,15,0,4,0
130.34652960585532,0.05679122090991534,0,0,316,23,1,3,0
101.95396800353926,0.0013256448302238154,0,0,964,9,0,1,0
168.44988846390177,0.15586209271352144,1,0,185,6,0,2,0
419.28824712694535,0.1166428506520728,0,0,54,9,0,5,0
202.83579068825642,0.04217440539573352,0,0,37,6,1,1,0
41.2993419866071,0.0022510149377551157,0,0,723,22,1,4,0
9.751951823638677,0.15057000458466466,0,0,805,17,0,5,0
50.625395300838186,0.010954735432202366,0,0,270,8,1,1,0
140.6090977809646,0.0002458597420265065,0,0,863,21,0,3,0
12.919291714966203,0.02650778294904389,0,0,732,17,1,1,0
107.88589340392834,0.23964557566380945,0,0,508,16,0,1,0
141.26432599813404,0.37951769735336005,0,0,228,10,0,2,0
66.02478169071506,0.07337261345431328,0,0,428,0,1,1,0
226.0474938720102,0.06156788318815518,0,0,870,16,0,3,0
21.907837214701697,0.14311270757531014,1,0,723,3,1,3,1
16.716575868837054,0.0044867272960016046,0,0,810,3,0,2,0
200.39711153245892,0.011854498396079997,0,0,1,13,0,3,1
107.62553399946029,0.17091221203913054,0,0,23,8,1,4,0
179.90639835997115,0.183152756722598,0,1,503,12,1,2,0
90.5935998693286,0.009399370774441309,0,0,448,15,0,1,0
47.434438063779744,0.01420879957826105,0,0,796,0,0,2,0
261.47355478567937,0.1581847278798314,0,0,496,2,1,4,0
245.9782345940285,0.06600646388011235,0,0,900,18,1,1,0
182.9673229563682,0.2697599196422541,1,0,425,7,0,2,0
52.64804224820481,0.01159307935460727,0,0,700,17,0,3,0
138.82413195851964,0.040387798618724685,1,0,18,5,1,3,0
72.1714963369733,0.1710205042694624,0,0,959,19,0,3,0
19.407610190997985,0.023502588729830253,1,0,445,5,1,3,0
378.90497653064625,0.004008228959587898,0,0,561,4,0,3,0
27.069567322928005,0.017809227360812686,0,0,559,11,0,2,0
455.0735979684144,0.0011942327245892414,0,0,627,8,0,2,0
93.59015191863082,0.019077398667411472,0,0,39,8,0,2,0
35.70954228701987,0.27573701199094364,0,0,729,16,0,3,0
122.10047692276048,0.031690436342667175,0,0,210,18,1,2,0
314.4712691423088,0.020946318754006304,0,0,774,16,0,2,0
202.64116686957104,0.24710954372272767,0,0,211,21,1,5,0
251.4190739110636,0.0027553637726017567,0,0,565,15,0,3,0
166.2856572755604,0.05336602569397465,0,0,972,11,1,4,0
181.78307542122982,0.0038606248898117273,0,0,281,2,0,1,0
288.76579820754193,0.12073003333537151,1,0,867,13,0,1,0
48.08592733101802,0.002839864460256569,0,0,833,16,0,2,0
105.8326499256862,0.2020394048919157,1,0,133,21,0,1,0
42.50196936591835,0.05830651539272091,0,0,449,15,1,7,0
664.3337626107993,0.08953715724936082,0,0,264,20,0,2,0
437.51956809806217,0.1793125718416997,0,0,807,11,0,3,0
11.033765180806864,0.025357863312415654,0,0,111,23,0,2,0
188.40973447935934,0.06555254639064487,0,0,555,1,0,0,0
394.03753362128833,0.44733394319210373,0,0,850,7,0,5,0
34.872923808177504,0.0027328539861784995,0,0,238,11,0,1,0
130.88043764688535,0.046315304614680704,0,0,891,20,0,1,0
375.62978961882953,0.00920768590612551,0,0,457,15,1,5,0
10.180328531631773,0.06267038160386,0,0,901,7,0,2,0
184.3115685339328,0.014587656437385988,0,0,759,15,0,2,0
57.93424471178192,0.0011162541211087943,0,0,516,9,1,1,0
392.3373007033514,0.05071632205955822,0,0,876,19,0,2,0
536.370488393338,0.004234548087490807,0,0,861,14,1,3,0
438.07605218614617,0.04180272938521243,0,0,897,3,0,2,0
101.42921077976874,0.009705498151634632,0,0,862,14,0,3,0
302.1216060103037,0.11358272893231752,0,0,824,3,1,2,0
284.2140909948618,0.010386396477899837,0,0,173,10,0,2,0
62.65107822793015,0.01732168232661688,0,0,193,5,0,2,0
269.839631209198,0.06495944102229652,0,0,515,3,0,2,0
10.656469290336458,0.001431146227308921,0,0,790,8,0,1,0
141.05129604317105,0.031116373985434154,0,0,968,8,1,2,0
44.206436179592856,0.16281026276464436,0,0,568,2,0,4,0
24.271665120746608,0.001020066979250932,0,0,786,22,1,2,0
17.011301495657413,0.6014378488312622,1,0,409,4,0,3,0
183.75169245323556,0.02745575248266446,0,0,688,14,1,3,0
67.29890196028506,0.007581499995363409,0,0,628,8,0,4,0
198.52046558305665,0.0010672447679795525,0,0,84,1,0,1,0
15.138490323421149,0.022448860427951852,0,0,671,2,0,3,0
61.81405721265173,0.046578792272984844,1,0,798,20,0,3,0
121.31352716000742,0.02112465268465741,0,0,80,11,1,4,0
239.61460000069812,0.3618212453548718,1,0,578,15,0,4,1
62.57444105602384,0.35160407711868064,0,1,209,4,0,0,0
152.4813629603244,0.014386510263068976,0,0,522,9,1,1,0
330.7042488086405,0.07549175598366138,0,0,199,14,1,2,0
148.51347636081294,0.2306468543290319,0,0,571,13,0,2,0
44.782346444877426,0.2531454871931108,0,0,234,13,1,0,0
8.705512061623283,0.014389689370711499,0,0,819,22,0,3,0
311.1472529561272,0.002247405092189401,0,0,244,12,0,1,0
8.224829624039197,0.3016752945588486,1,0,891,15,0,5,0
316.5586649906255,0.03994351075013256,0,0,393,7,1,3,0
117.91455807043316,0.33264665930102016,0,0,566,7,0,2,0
424.69877641889946,0.036669082959184175,0,0,446,16,0,1,0
245.5058784534688,0.012633806624246255,0,0,849,16,1,1,0
932.3291616270989,0.03080798834891234,0,0,393,2,0,6,0
69.78179252724256,0.6257120754760923,0,1,9,0,1,5,0
223.62878886671868,0.006228863859962428,0,0,613,16,1,2,0
82.10735039344112,0.0037536602975271663,0,0,920,23,1,1,0
103.05309564277869,0.4487859093180348,0,0,807,15,0,3,0
153.1299361442173,0.21620701061241931,0,0,715,16,0,2,0
315.3371096048585,0.10066624119400172,1,0,904,1,1,0,0
626.0595555261963,0.43907591963576714,0,0,153,13,0,1,0
224.32956655088375,0.08745129380507598,0,0,110,6,0,1,0
86.13262903867127,0.004830498792337108,0,0,834,18,0,0,0
87.06043637285363,0.16680486731664065,0,0,266,0,0,2,0
205.67266639604983,0.07567769826202655,0,0,373,16,1,1,0
45.92436800893915,0.04708312716951834,0,0,152,9,0,1,0
22.56000043709922,0.20978721596248376,0,0,976,5,0,2,0
70.68789973911747,0.029792208451991094,0,0,595,6,0,1,0
55.7913659626739,0.11463219364822413,0,0,955,5,0,3,0
57.71220345984583,0.011603496099862472,0,0,415,4,0,2,0
44.909174893924515,0.005971766258157348,0,0,907,1,0,1,0
11.450717140602098,0.05850630075093951,0,0,646,17,0,3,0
7.705340424792359,0.00024401366729294427,0,0,326,23,0,4,0
664.9966968668454,0.022340564167890823,1,0,672,16,1,4,0
88.7329620338153,0.0010413784670075946,0,0,551,23,0,2,0
77.75580911829768,0.26267960599757234,0,1,176,22,0,2,0
175.74989729396708,0.028899154641594003,0,0,525,6,1,4,0
41.93378839114,0.07708534399889598,0,0,315,20,0,2,0
454.2434380609664,0.00011038947480604647,0,1,67,18,1,3,0
236.50891728133792,0.089899500845208,1,0,952,6,0,1,0
19.049545796151044,0.3399986862737241,1,0,760,22,0,1,0
86.08471610500847,0.46446147562554424,0,0,553,6,1,3,0
321.941444021128,0.03266635569342656,0,0,184,15,0,6,0
439.33424046812485,0.008924871930765108,0,0,35,11,1,3,0
99.49811646520885,0.05302438978275153,0,0,934,14,1,2,0
147.5591258864655,0.13623360975202015,0,0,505,14,0,4,0
32.41435838851979,0.3284186445349327,0,0,849,10,0,5,0
714.4167029139219,0.04213052999088991,0,0,963,1,1,1,0
44.530724752652496,0.07309977544502926,0,1,802,2,0,0,0
434.0013997240832,0.0200317064980806,0,0,76,18,1,4,0
162.321958920284,0.02254753062529486,0,0,472,19,0,2,0
145.3733334308291,0.008886696588648338,0,0,582,14,0,7,0
112.82776288886618,0.010487015073065068,0,0,746,15,0,2,0
44.33525420779439,0.00718285847420759,0,0,523,0,0,2,0
34.13386550350509,0.23723132782077788,0,0,880,14,0,1,0
42.362734793076015,0.12185968144591884,0,0,283,11,0,0,0
35.95001953318253,0.020082568370213605,0,0,816,6,0,3,0
231.83611363591947,0.048222541900196265,0,0,536,6,0,2,0
69.64634616096116,0.2035437371433351,1,0,274,10,0,2,0
13.937451249915272,0.09515158419789077,0,0,539,19,1,2,0
526.5626324790162,6.687330076204726e-05,0,0,54,10,0,1,0
327.84814550390007,0.240174024277455,0,1,55,16,0,2,0
399.14818307101314,0.002184636361979735,1,1,888,2,0,3,0
797.007465357456,0.26386445759312427,0,1,745,15,0,4,0
33.6550544864278,0.11517467119891582,1,0,277,4,0,1,0
80.68727823408211,0.000296806621997962,0,0,443,1,0,3,0
217.97052132219062,0.045716816443317834,1,0,883,22,0,1,0
183.6193103632006,0.03530536641741,0,0,418,6,0,2,0
30.066932719026028,0.12163229804400094,0,0,632,9,0,1,0
258.7869504479473,0.11586828815337369,1,0,225,4,1,3,0
43.12560008608794,0.3327867757231024,1,0,570,14,0,3,0
43.00516309544646,0.022186773049116055,0,0,255,11,0,2,0
120.49594764362556,0.009810042583489682,0,0,176,9,0,2,0
139.81917862803783,0.015967534337258296,0,0,566,21,0,4,0
135.1558768294201,0.21789799262801035,0,0,146,16,0,3,0
19.39188544565206,0.04113060293533269,0,0,771,19,0,2,0
319.8987216937135,0.0015574093682039249,1,1,664,19,1,8,1
51.30522465005233,0.037523304379133905,0,0,385,10,0,2,0
25.80569914541005,0.05045570083053972,0,0,262,7,0,4,0
334.393714772005,0.04189653946789402,0,0,531,14,0,2,0
472.3514529129919,0.0022596800402602786,0,0,854,1,0,7,0
302.21401767124433,0.1389880208706164,0,0,371,16,0,2,0
253.72812046004185,0.008903730027056198,0,1,683,22,0,5,0
164.736875179793,0.10705973638652933,0,0,891,5,0,2,0
125.06221723548481,0.05653102549933772,0,1,904,20,0,2,0
18.650734512852623,0.07096164579443473,0,0,197,12,0,6,0
83.75217498653973,0.00038551115002134057,0,0,948,7,0,4,0
74.94681179459242,0.009464464753955244,1,0,585,10,0,4,0
50.11586352144267,0.13537456470914583,0,0,815,14,0,3,0
197.78833699956027,0.011867194545001078,0,0,597,12,0,2,0
107.73987258764804,0.265066764710435,0,0,284,17,0,2,0
17.67791708533378,0.028412557937424886,0,0,302,17,0,4,0
42.30443917706247,0.047286300506100866,0,0,132,16,0,2,0
177.45051913958736,0.15180383109687134,0,1,120,21,0,1,0
16.877726029236847,0.41844322512428606,0,0,728,12,0,2,1
290.7797934566307,0.007985310771746393,0,0,136,2,0,0,0
107.52305664681177,0.007879056672694076,0,0,628,20,1,4,0
103.25827061533865,0.0023016848088234345,1,0,573,23,0,4,0
139.6232114882112,0.24159753687839153,0,0,529,6,0,8,0
266.1721869416715,0.003880278708122233,1,0,34,11,0,3,0
69.11272009178228,0.0464399528209841,0,0,532,3,0,1,0
174.98808468842765,0.11020899170984048,0,0,208,23,0,3,0
130.11400115524603,0.14985049292947142,0,0,970,10,0,1,0
51.59722184016061,0.08201485916828745,0,0,674,13,0,6,0
321.33671531605376,0.33417580492996196,0,0,299,17,1,2,0
244.4975200629099,0.02640885121401784,0,0,522,6,1,5,0
166.13998540773142,0.0038168073038615013,0,0,94,4,0,4,0
290.150857781241,0.20099099090587247,0,0,414,15,0,4,0
307.9430957330795,0.047924430163908106,1,0,371,10,0,7,0
189.83679813639665,0.049769446473936906,0,0,409,21,1,3,0
277.11302759313986,0.08578432941086869,0,0,383,2,0,3,0
184.33694965579758,0.004172780482979792,0,0,441,15,0,4,0
175.98114375932974,0.03583572291121982,0,0,878,10,0,1,0
149.59046285332823,0.11993180959077622,0,0,447,9,0,0,0
214.58305874390962,0.0767310929522519,0,0,619,22,0,2,0
30.90412631919185,0.0027625377492219716,0,0,617,22,0,3,0
324.131947707823,0.32280790358457045,0,0,71,1,0,1,0
313.17549832144033,0.15515283798364402,0,0,943,15,0,1,0
9.452526731453302,0.07405110721618935,0,0,84,16,0,5,0
267.14710644129707,0.00598523119848971,1,0,209,9,0,2,0
25.694586110563346,0.008616648284669601,0,0,259,17,0,3,0
66.22204737639629,0.006222849885646091,0,0,239,11,0,2,0
209.09882047411125,0.06396792249588952,1,0,302,7,0,1,0
31.288765209434477,0.0004326048724885887,0,0,232,2,1,3,0
260.5351133237858,0.014299023863632843,0,0,932,19,0,2,0
272.68854455183356,0.11814930942583322,0,0,282,23,0,4,0
111.22929579643954,0.6948759257574175,0,0,394,2,0,1,0
5.960952292612275,0.040352117139977085,1,0,418,5,1,3,0
55.749101406778266,0.2956554387703336,0,0,206,1,1,2,0
148.92942415456076,0.19061027257782825,0,0,264,2,0,2,0
600.9745201961612,0.0804031296425446,0,0,311,16,0,4,0
154.8748623633595,0.09001290581041506,1,0,859,8,0,0,1
50.12595455151755,0.002010616757883536,0,0,906,3,0,1,0
155.77062919123256,0.03771014917623404,0,0,697,21,0,0,0
121.4745510166507,0.03295121285804716,1,0,626,22,0,3,0
232.01378451941983,0.1884308326906446,0,0,79,1,0,1,0
21.972052594374357,0.2708969726149416,0,0,869,23,0,3,0
219.71127211047244,0.0026125944588206804,0,0,342,8,0,2,0
121.89290286048342,0.005478154575668214,0,0,813,13,0,4,0
499.4931916651499,0.014310270478141008,0,0,562,10,1,4,0
67.75341349836668,0.4257565851349844,0,0,832,1,0,2,0
155.20455460175347,0.017508760843857215,0,0,95,20,0,6,0
408.29914633528267,0.1279708422397523,0,0,770,1,0,3,0
21.222949649791193,0.05159644345077798,0,0,941,4,0,5,0
420.23808902581527,0.12540293246085507,0,0,351,6,0,0,0
179.65788253369536,0.010930576228008028,0,0,62,21,0,3,0
15.537147543666245,0.004871645231540727,1,0,142,3,0,4,0
58.70786246423597,0.0022500952097089097,0,0,842,13,1,5,0
189.73864926819687,0.02245468954911163,1,0,734,1,1,2,0
15.458889109214198,0.04406298470148409,0,0,868,22,1,3,0
135.90225936424457,0.07178560062705126,0,0,111,11,0,4,0
68.67036972670417,0.0519884385604181,0,1,616,9,0,5,0
150.49942857122522,0.022504786685069136,0,0,527,0,0,3,0
12.023185891693227,0.07705135557348648,0,0,782,18,1,1,0
312.8169267315369,0.03213377878329069,0,0,671,22,0,2,0
549.5291562716512,0.3175587273487962,1,0,157,15,1,1,0
525.4753496737626,0.0597312989929474,0,0,539,14,0,2,0
212.73539854418448,0.02181189860396159,0,0,597,13,1,4,0
25.904179825070866,0.02741332734925369,1,0,9,8,0,0,0
217.985859674054,0.17327878365369137,1,0,276,20,0,7,0
8.734133342376698,0.2912737620342569,1,0,227,22,1,1,0
8.35579216017108,0.14764487741674057,0,0,186,14,0,1,0
63.647865532584525,0.420577993400537,0,1,591,6,1,2,0
105.60315123825202,6.604902763262619e-05,0,0,216,3,1,1,0
225.7173383875785,0.010127068383794353,0,1,433,20,1,2,0
177.46785903362283,0.014466065326578357,0,0,569,17,0,0,0
93.56224810935628,0.06478497305296482,0,0,656,7,0,4,0
52.953674383761054,0.08650112773665342,0,0,356,11,0,4,0
882.7293142485469,0.21770966047752632,0,0,843,14,1,4,0
88.31626851650512,0.03190809607272776,0,0,392,14,0,6,0
95.05430726368144,0.00046137144124036545,0,1,579,16,0,1,0
31.801518868183354,0.19661071760075438,0,1,275,1,0,4,0
242.57250509559626,0.03424962947362243,0,0,494,11,1,2,0
182.46983570548608,0.004273914175817221,0,0,617,2,1,4,0
42.417279417976395,0.08980783516947062,0,0,451,6,0,1,0
17.895958535356804,0.03815091719057388,0,0,420,5,0,2,0
176.14937311058605,0.02005466938080138,0,0,985,13,0,0,0
164.41926416347144,0.4081381453847499,0,0,700,22,0,4,0
52.87787730106095,0.0015797818695123785,1,0,164,4,0,1,0
456.97316095776637,0.05245599926616655,0,0,779,3,0,6,0
29.56464247919763,0.19394899426412895,0,0,563,14,0,3,0
89.93352087551175,0.004867731058069907,0,0,638,6,1,1,0
436.3352649199482,0.23002410568073983,0,0,592,2,0,8,1
86.63857140403252,0.013148524317802512,0,1,183,12,0,2,0
157.6347526595154,0.009233107683626047,0,0,310,9,1,2,0
81.02364545137094,0.007866039640183673,0,0,17,22,0,0,0
53.07525951003219,0.05860995280886637,0,0,446,1,1,3,0
625.0655793697662,0.0022159351800320726,0,1,170,11,0,4,0
83.97568637681348,0.03664770688918621,0,0,280,23,1,0,0
341.7878760272198,0.056145585399524064,0,0,913,21,0,2,0
44.19587187258357,0.00011586050662821725,0,0,816,11,0,3,0
40.949012206828684,0.03185494013014631,0,0,340,18,0,2,0
9.74435736433325,0.013200549118116387,0,0,726,18,1,3,0
163.18937883139844,0.000781291068711645,0,1,710,20,1,2,0
73.9548581258302,0.06973945862557353,0,0,519,2,0,2,0
304.660708824019,0.0003149571355389366,0,1,910,5,0,3,0
101.14296720542205,0.008647816699197924,0,0,11,1,0,0,0
522.2123511801201,0.20294652004708627,0,0,524,23,0,2,0
35.78182673912576,0.03106471524709435,0,0,622,12,1,3,0
309.45282570948655,0.1301602673808874,0,0,133,8,0,1,0
229.81659570114465,0.10872624647983342,0,0,901,12,1,2,0
226.05380658350543,0.01532449504495735,1,1,640,22,0,0,0
284.4398916221883,0.1975116470741003,0,0,148,13,0,3,0
219.70881689055906,0.04825123660228734,0,0,566,18,1,4,0
152.61331256353458,0.00011774565041173419,0,0,823,10,0,4,0
26.10409788913737,0.06106966473057447,0,0,954,13,0,0,0
9.960037002497856,0.33949802473060936,1,0,79,15,1,2,0
385.4574952721396,0.06699501302716161,0,1,346,9,0,1,0
148.82115341461704,0.08916355208134392,0,0,609,19,0,2,0
243.84088083974592,1.2013831853960525e-07,0,0,249,15,1,0,0
103.5287540404692,0.013095272436030203,0,0,639,1,0,1,0
23.716874626101205,0.11279704727404866,0,0,542,15,0,2,0
25.06156236745076,0.04825441633429875,0,0,24,13,0,3,0
178.5468222417067,0.01558909894439607,0,0,471,20,0,5,0
89.39835798862855,0.05646323872466866,0,0,201,17,1,5,0
38.56995123374542,0.015284170665336917,1,0,131,5,0,2,0
106.47140201139965,0.0015386052570367076,0,0,634,6,0,2,0
14.95445761901895,0.13319181748438874,0,0,356,12,1,1,0
135.8308148487426,0.22205749187445264,1,0,944,1,0,1,0
51.99991949186861,0.008261657165890517,0,0,839,14,1,2,0
244.59609350479428,0.07062960939045704,1,0,150,16,1,0,0
60.738259577029076,0.2972490237771403,0,0,526,12,0,1,0
96.10602637929688,0.07614882741119751,0,0,304,6,0,2,0
6.753287907639636,0.05455138722339247,0,1,541,0,0,3,0
16.28078334600468,0.004977219780176622,0,0,50,2,1,4,0
79.75887456285759,0.0020685813415217418,0,0,464,19,0,0,0
103.0713273170019,7.664211283360374e-05,0,0,240,17,0,2,0
142.451315523787,0.0021907812948669505,0,0,482,6,0,3,0
56.72520726116873,0.545820951558346,0,0,906,20,0,1,0
183.10761715837788,0.013798912589681328,0,0,455,16,0,1,0
300.04812566046536,0.2674640620575492,0,0,985,11,1,5,0
232.01759580463562,0.007340884379881411,1,0,283,15,0,0,0
11.063752459655474,0.04796980322059255,0,0,335,23,0,4,0
103.23527622531624,0.07388856046021668,0,0,352,9,1,4,0
21.62803262143192,0.020564617409103716,0,0,668,22,0,4,0
46.569692417707735,0.12848030442331673,1,0,649,15,1,4,0
652.577398284415,0.031309583786653626,1,0,327,19,0,6,0
28.059335325958795,0.03994545073669807,0,0,336,17,1,2,0
108.63889343135112,0.09612019295658915,1,0,666,14,0,3,0
149.41136524419298,0.003231502196833365,0,0,995,22,0,0,0
186.83349722866072,0.014796141374487193,1,0,81,10,0,1,0
128.02736360571657,0.0004094719407444551,0,0,87,17,0,3,0
6.472834307684484,0.1733573042519673,0,0,776,5,0,3,0
64.28147539967901,0.0209116595581114,0,0,258,0,1,2,0
114.38196403590248,0.07155572332725448,0,0,991,22,0,2,0
18.79533756560761,0.09058858530282002,0,1,185,6,0,4,0
69.76218366255239,0.01209759050330144,0,0,692,11,0,3,0
10.065026855828608,0.000365883106001801,1,1,698,19,0,3,0
17.275653441213088,0.058144937901179305,0,0,123,3,0,2,0
80.85662803033922,1.7131258341350533e-06,0,0,889,9,1,1,0
26.358275888699207,0.02984790585428198,0,0,96,20,1,1,0
130.7401105877181,0.00907270504856697,0,0,605,1,1,3,0
180.4187844737651,0.11887861610046913,0,0,515,8,1,2,0
246.8563578666139,0.005273153047143813,0,0,904,9,0,2,0
38.49970613867708,0.0405276894671597,0,0,443,19,1,1,0
32.49517027026154,0.3789248558701952,0,0,514,10,0,1,0
21.56732259276135,0.14011595434991175,0,0,991,13,1,1,0
156.76761720561956,0.18654706513654654,1,1,958,2,0,3,0
188.8692409267399,0.0002559532921443532,0,0,371,0,1,3,0
9.814362010404817,0.004303943148489785,1,0,305,6,0,1,0
417.8291081673363,0.0002216960251322603,0,0,357,3,0,6,0
13.005572851851205,0.010295442224258024,0,1,148,6,0,1,0
121.90263321434331,0.13421404928829164,1,0,285,15,0,3,0
190.19600060918586,0.014328717568892842,0,0,657,9,0,1,0
312.15553286821415,0.11658410593387368,0,0,842,14,1,3,0
192.81012093080395,0.2578462964964911,0,0,873,15,1,3,0
247.7173808895089,0.015510255411170213,0,0,918,5,0,0,0
67.20241237196504,0.006179900150941431,0,0,262,3,0,5,0
257.9681854021885,0.21371386310759852,0,0,574,3,0,0,0
17.5259674637244,0.14056016526432374,1,0,491,23,1,2,0
342.8075478177824,0.04074211668148113,0,0,738,22,0,5,0
123.97575243183942,0.04225039478773653,0,0,31,3,0,2,0
259.9846414498278,0.3105533308580148,0,0,702,21,0,0,0
95.30914579025696,0.20064820285741775,0,0,887,21,0,3,0
159.74585025801332,0.022691021988642673,1,0,268,16,0,5,0
117.10967209381543,0.03205350145620352,0,0,12,12,0,2,0
202.2856752480381,0.0024004395831837893,0,1,191,1,0,3,0
17.773234983343425,0.039245674156740545,1,0,400,19,0,1,0
14.33750469785226,0.00021956468364163703,0,0,537,5,0,2,0
47.574073630987456,0.0034109697768879193,0,0,918,21,0,2,0
31.071722977272508,0.03168500886318216,0,1,91,0,0,4,0
313.1053335503597,0.09089673843505842,0,0,600,7,0,0,0
42.11812372708309,0.0044549501564185795,0,0,844,17,0,3,0
563.615421415114,0.02059829698259218,0,0,501,20,1,0,0
66.6234686497144,0.07704580140155029,0,0,786,3,0,2,0
35.155565596827934,0.11633634650170192,0,0,301,4,0,3,0
238.88196463915213,0.023799424495307083,0,0,111,4,0,1,0
166.2524308012278,0.006037805071024896,0,1,80,14,0,0,0
108.43176630851507,0.07539336647679129,0,0,836,9,0,3,0
126.5747448673431,0.1932823383011779,1,0,652,7,0,3,0
195.51784095934494,0.007535406771064556,0,0,433,6,0,4,0
43.90399185300601,0.2156763056410487,0,1,417,11,1,4,0
846.2946848071557,0.0796714796800825,0,0,214,10,1,1,0
557.0959966835143,0.1292158544518382,0,0,447,12,0,3,0
162.61296351988352,0.05304017502131337,0,1,18,14,0,4,0
38.385766770334,0.040685769183911,0,0,54,16,0,0,0
176.02216929130532,0.0035354001722963657,0,0,880,21,0,1,0
16.240605775143994,0.06217698493682722,0,0,609,21,1,2,0
9.669817478542921,0.08216122510982134,0,1,795,17,0,4,0
49.69681297083448,0.09660996689774368,0,0,746,7,1,0,0
98.15829528101584,0.034060177889634065,0,0,979,5,0,4,0
309.05298877862606,0.25141114382876717,0,0,240,10,0,2,0
199.83544682268334,0.2229345196143121,0,0,846,8,0,2,0
208.63068571239828,0.08815172346789221,0,1,921,4,0,3,0
88.13653691111207,0.07629731368229563,0,1,418,6,0,3,0
68.6822799034224,0.18692179680123036,0,0,856,21,0,3,0
74.55284758209456,0.377567872503206,0,0,486,14,0,10,1
664.1095837274756,0.018541858975327438,0,0,444,20,0,0,0
11.1403613065893,0.000507950195185653,1,0,566,21,0,1,0
307.6464487633608,0.3846362113557054,0,0,599,3,0,1,1
134.65276120289937,0.3450517680772544,0,0,773,18,0,2,0
91.60236215519893,0.02822497886365145,0,0,748,12,0,3,0
198.78823512333057,0.00841369056018998,0,0,123,0,0,4,0
105.0251455398821,0.010581651487483018,0,0,420,0,0,2,0
315.035951190165,0.01553901410039315,0,0,566,21,0,1,0
351.4442719430562,0.08541314124971375,0,0,216,13,0,3,0
87.15480520310372,0.04228585640529979,0,0,420,8,0,1,0
53.61618606277129,0.012361464125985516,0,0,709,23,0,3,0
139.6020682911364,0.03917920820506753,0,0,551,11,0,3,0
370.18339092853984,0.06488289064997814,0,0,966,17,1,1,0
40.484134842503686,0.15558958599302733,0,0,877,8,0,3,0
151.31321865493632,0.2294192821030638,0,0,228,7,0,1,0
154.7717000338315,0.11656666830535266,1,0,237,13,0,5,0
203.13950226902833,0.1126699096244423,0,0,644,8,0,3,0
26.159844455399064,0.20434525424398106,0,0,330,19,1,5,0
193.72473636906648,0.17689446232615702,0,0,833,1,0,1,0
364.58798094338675,0.23040098339977283,0,0,469,0,1,3,0
34.70968411702168,0.06209275421556828,0,0,680,12,0,3,0
45.681438753074296,0.000517934045203569,0,1,487,9,0,2,0
538.1265558292267,0.03455921826281589,0,0,549,7,0,1,0
34.94645821327369,0.02795820723998945,0,0,579,6,0,0,0
294.01846516349866,0.15256984067529222,0,0,623,23,0,3,0
106.67314138303236,0.0009194943572464787,1,0,415,11,0,3,0
47.59954549915557,0.15746830589851293,0,0,219,16,1,3,0
311.9009002617273,0.14018776552790527,1,0,721,11,0,1,0
93.40059883399337,0.08494009541375623,0,1,381,15,0,1,0
113.48448036516771,0.00042134890133691775,1,0,87,9,0,2,0
71.76349387667118,0.18479610083739245,0,1,461,11,1,3,0
139.82320140276178,0.004177443064336356,1,0,815,10,0,4,1
31.783594642644704,0.3191486496808307,0,0,411,13,0,7,0
79.41063595452104,0.17374699303966573,0,0,691,21,0,1,0
528.0737062731715,0.021720625349770272,0,0,916,19,1,0,0
49.787882063600925,0.22170648382477118,0,0,525,12,0,2,0
165.3886076775654,0.06802475477154567,0,0,447,1,0,4,0
63.99863065833906,0.24238014234935096,1,0,300,19,0,1,0
227.73375360607474,0.0006515962509775324,0,1,408,6,0,1,0
26.040016941520513,0.0073799607269589085,0,0,637,0,0,1,0
530.09156816366,0.01403192199110371,0,0,375,2,0,2,0
95.71263832471067,0.005998292464911237,0,1,233,19,0,2,0
45.38803152465803,0.15112843811774979,0,0,763,11,0,5,0
16.45065838339056,0.0028284094761460484,0,0,899,4,0,1,0
32.90569101568909,0.04186974274119542,0,0,638,11,1,3,0
115.02475181443722,0.12368823159710687,0,0,747,2,0,4,0
66.647761970775,0.2046108655621323,0,0,650,19,0,1,0
269.8114826183236,0.3279656479834329,0,0,961,4,0,2,0
89.55157860283886,0.027834120014838447,0,0,49,0,0,3,0
47.89538554637765,0.032396152447906355,0,0,892,15,0,6,0
149.01483748602016,0.0048902619626045975,0,0,186,8,0,1,0
189.02339104390174,0.055998739866284675,0,1,205,9,0,3,0
32.41579215287702,0.001539372148949177,0,0,78,9,0,2,0
32.519790519614105,0.27063026993815964,0,0,481,12,1,1,0
10.60410920142241,2.3201772501914095e-05,0,0,386,15,0,3,0
204.9995181184751,0.004238573126214257,0,0,194,19,0,2,0
168.50937877206485,0.25327524804112533,0,0,103,3,1,3,0
101.54812544529392,0.1265274766917661,0,0,617,13,0,1,0
283.8488736014225,0.04896466264992941,0,0,376,16,0,3,0
250.7297481754027,0.05827892534159119,0,0,287,4,0,5,0
137.04965204538823,0.0033280181555277333,0,0,836,12,0,1,0
309.0515939793504,0.09155506805807895,0,0,482,2,0,1,0
39.570777555586034,0.2437223598960337,1,0,723,4,0,1,0
22.803953208542687,0.05500224798051696,0,0,250,15,1,0,0
52.155170859216184,0.009854466576941301,0,0,805,18,0,4,0
13.817166009494406,0.0013156910447139334,0,0,201,18,0,2,0
118.62710642509158,0.012289658828061103,0,0,536,16,0,1,0
418.757180810295,0.11675325377505358,0,0,461,17,0,0,0
11.020762461407335,0.010884298316418916,0,0,300,17,0,6,0
24.53508199746751,0.044630050957449326,1,0,478,22,1,3,0
95.27648724528964,0.01965789525065073,0,0,83,7,1,2,0
412.4312980813992,0.01347650637860583,0,0,809,17,0,3,0
62.00384165851805,0.10019481021252181,0,0,458,8,0,5,0
111.15837556570177,0.004778316197839029,0,0,691,18,1,4,0
11.369259950157755,0.008354013857000896,0,0,298,9,0,6,0
29.08574770046284,0.13620378845077247,0,0,364,1,0,1,0
652.2126626800068,0.0747976331768132,0,0,718,16,0,3,0
508.37064617298637,0.026001898769572672,0,0,40,23,1,2,0
5.742833446074142,3.83258281040721e-05,1,0,816,12,0,0,0
459.8961198018223,0.03875224913616581,0,0,625,10,1,4,0
157.88144203527514,0.10192596443780769,0,0,340,15,0,2,0
308.6501850464766,0.04139429586602948,0,0,516,19,0,6,0
95.97384036380143,0.0011785834227173208,0,0,998,6,0,2,0
113.72541030466566,0.046697011290213364,1,0,108,2,0,3,0
105.662824926329,0.1081572440984812,0,0,316,15,0,2,0
169.8807855598375,0.004354674191227059,0,0,114,18,0,5,0
27.562618131418578,0.05174741795199988,0,1,167,19,0,8,0
9.56479713799569,0.0899169218966739,0,0,261,15,0,3,0
60.21021320206713,0.03278565643429799,0,0,618,1,0,4,0
187.9547521311259,0.12400113353746348,0,0,224,13,0,3,0
38.819458165491554,0.1543527275067464,1,0,262,19,0,4,0
172.86776139979685,0.03789787313533965,0,1,251,9,0,3,0
530.5445585343814,0.0795791794780638,0,0,526,18,1,5,0
19.790959058268044,0.029507594844202942,0,0,710,23,0,5,0
172.48686258568043,0.012872772453978595,0,0,126,10,0,2,0
92.98067596357603,0.03667185451580023,0,0,206,17,0,4,0
308.90474332902744,0.03393442641562057,0,1,140,10,0,1,0
34.247164858796566,0.06199558908962141,0,0,62,8,0,4,0
181.95348145705307,0.002598093046298523,0,0,283,18,1,3,0
278.13062923964685,2.8934323090166394e-05,0,0,54,19,0,1,0
439.01485810704094,0.07518881290901458,0,0,346,9,1,5,0
177.44543524769333,0.029187768998989942,1,0,524,2,0,3,0
108.12689189173095,0.025837506811524837,0,0,136,2,0,2,0
149.29022833264122,0.09420648393643026,0,0,330,23,0,3,0
309.7749364051867,0.01977337810326913,0,0,144,7,0,4,0
131.80836381035087,0.0868591513081517,0,0,436,5,0,3,0
9.628747660085779,0.010279068382986863,0,1,282,19,1,1,0
405.93582609487595,0.01655895212763887,0,0,136,0,1,1,0
180.44863040167255,0.0280667358157384,1,0,489,19,1,2,1
174.28963158192337,0.03878951628350917,0,0,813,23,1,0,0
41.439799702703596,0.08106318164788474,1,0,733,5,1,1,0
166.3305490502133,0.029078602006968816,0,1,852,1,1,2,0
80.09773473437882,0.022324094142812653,0,0,721,18,0,2,0
163.00267035308548,1.5385352409432364e-05,0,0,915,6,0,5,0
21.90696031740441,0.12110895328982249,0,0,401,10,0,5,0
165.8738477698785,0.004952033027999634,0,0,871,10,0,5,0
1121.2584364556608,4.7617255173331e-05,0,1,892,3,1,1,0
12.411949834145103,0.20530102180884102,0,1,449,19,0,0,0
571.9794668843343,0.2742777966303943,0,0,635,15,0,2,0
83.3608523681896,0.014417942199844736,0,1,628,4,0,3,0
311.90501915236297,0.06342520956811121,0,0,669,23,0,5,0
233.7545085401439,0.04564852714316053,0,0,270,6,0,3,0
130.55826588898287,0.044766156476728984,0,0,17,15,0,3,0
206.1690178778988,0.008562849998103106,0,0,269,14,0,3,0
321.19536514375096,0.007312824292056521,0,0,861,4,0,4,0
82.6625117973054,0.007604494793698924,0,0,482,0,0,6,0
64.40888371865097,0.003253087775823582,0,0,219,19,0,3,0
170.20944757584604,0.09814444254870162,1,0,319,21,0,4,0
252.418676445661,0.0024113940441943863,1,0,238,21,0,5,0
220.5025053230768,0.10552554543338533,1,0,545,8,0,3,0
244.78482146716632,0.25775872828740287,0,0,285,20,1,5,0
90.79437451128297,0.006231765104152892,0,0,37,4,0,6,0
260.4257159578795,0.16386324479941383,0,0,103,21,1,5,0
24.21064439803572,0.04957909868424509,0,0,723,5,0,2,0
122.95034425164245,0.05348952582052665,1,0,430,2,1,3,0
5.866295827438078,0.0978572066303085,0,0,792,5,0,1,0
63.864378641478176,0.08475195108156146,0,0,654,7,0,1,0
73.46518439437791,0.0013582528689492542,0,0,239,5,0,6,0
80.67005527830011,0.064726058445027,0,0,741,15,0,3,0
183.34647530467163,0.03271481423865142,0,0,645,15,1,3,0
78.79030140671097,0.11894264328402779,0,0,125,20,0,2,0
94.31968783458927,0.010735653848415733,1,0,565,2,1,2,0
45.681597309796686,0.07752683136035181,1,0,600,16,1,4,0
75.08156008260143,0.08002750670719133,0,0,610,20,0,1,0
43.673764629957326,0.016748328507215346,0,0,882,5,0,5,0
16.401963238308085,0.02357572003887655,0,0,607,5,0,1,0
143.74243929776844,0.0001797402500996054,0,0,926,21,0,2,0
170.48922126066034,0.05446904920127552,1,0,188,18,0,4,1
149.93655952226274,0.14275265240809779,0,0,888,19,1,2,0
98.40164225254212,0.4245285842907631,0,0,256,14,0,3,0
76.65355171698499,0.0009119988997122788,0,0,585,18,0,4,0
303.5319082842132,0.04526931378438762,0,0,987,1,0,4,0
114.80870822023904,0.07217105599765111,0,0,924,7,0,1,0
102.85315872728742,0.10069343740835256,0,0,874,6,0,0,0
8.896483091302171,0.01348058783712279,0,0,794,7,0,3,0
67.61118221161965,0.00019283023656671222,0,0,530,12,0,3,0
76.75270473482078,0.07411860868163034,0,0,676,21,0,3,0
81.32982712969988,0.015695605983326612,0,0,392,14,0,2,0
135.1866582297906,0.003501116414345663,0,0,658,11,0,1,0
119.40756565293033,0.000882083748254362,0,0,468,14,1,3,0
145.43770374122298,0.14962287790842738,0,0,826,13,0,2,0
222.15096931803217,0.07593429863551707,0,0,253,6,0,2,0
256.4855602227747,0.14703492694319306,0,0,672,16,0,3,0
194.94271157470862,0.0008720771285333006,1,0,861,4,0,0,0
471.9198087506308,0.06490151072323076,0,0,561,19,1,5,0
7.760126687405004,0.0690194367181848,0,0,176,9,1,0,0
37.68198660687694,0.010143743316088727,0,0,466,18,0,1,0
6.138742779712353,0.025880739900559002,0,0,839,17,1,3,0
161.39493896116275,0.36263410851687644,0,0,577,23,1,3,0
347.4623015099715,0.03172001126440757,1,0,988,9,0,1,0
46.85440164166602,0.36669146912497663,0,0,289,1,1,2,1
397.6653749335578,0.015807197429237124,0,0,50,5,0,0,0
14.323985290808096,0.0227693625400892,0,0,4,2,0,2,1
413.7093384500177,0.07231288853273661,0,0,631,18,1,2,0
69.99237189598077,7.35747995003094e-05,0,0,852,4,0,4,0
21.041069208790528,0.09902512007812622,0,0,885,6,1,4,0
104.79238233491175,0.06965346310394871,0,0,500,6,0,1,0
49.513784461725784,0.02315428149306286,0,0,676,9,1,2,0
55.294248888749294,0.03653108481819795,0,0,223,0,0,2,0
60.07156807419179,0.06802708272069731,0,1,870,10,0,1,0
248.7024529948135,0.07580661151821833,0,0,668,22,0,1,0
121.20607072073906,0.02277511349995832,0,0,899,6,1,5,0
60.94410436301788,0.5740804824470357,0,0,262,5,0,3,1
146.36971414317685,0.22727284157703623,0,0,685,5,0,1,0
193.8967586972152,0.04234213075886853,0,0,535,12,0,1,0
52.746761331206905,0.019157073878754052,0,0,903,15,0,1,0
85.04995009386532,0.18274870109014626,0,0,376,12,1,3,0
24.49684392821008,0.04409357789287437,0,0,61,1,0,1,0
34.97803515832081,0.0324400363923172,0,0,356,18,0,2,0
176.44005389392552,0.016219603070945398,0,0,833,18,0,3,0
35.03098422254709,0.1410650497138026,0,0,646,18,0,3,0
116.717674959815,0.15040192586736273,0,0,24,17,0,2,0
190.18864991595282,0.021002547955787182,0,0,293,5,0,5,0
21.954632528070565,0.03237047939609732,0,0,557,1,1,4,0
130.66083088522203,0.015876339036726955,0,0,691,18,0,3,0
49.47064401387262,0.2745514747950206,0,0,356,5,0,0,0
499.22944577118886,0.2625330841431602,0,0,984,19,1,2,0
104.11525569902106,0.0509295693558692,0,0,870,22,0,2,0
250.97880761530388,0.009080633800208465,0,0,941,21,0,2,0
124.85168749904167,0.02112859981730413,0,0,575,14,0,1,0
11.657457391979918,0.19038331398257544,0,0,29,5,0,6,0
155.42089753615286,0.014671635753417785,0,0,357,2,0,4,0
458.63007801870987,0.005964321290140019,0,0,365,10,1,2,0
143.04926341307367,0.015505274383679313,0,0,608,7,0,2,0
261.54533220615934,0.11530295048725298,0,0,409,21,0,5,0
328.39197952310496,0.01899234945458863,1,0,266,17,0,4,0
43.831109875475036,0.12625613098303495,0,0,291,16,0,6,0
40.747114127023366,0.003397375202281466,0,0,567,18,0,1,0
146.61905970642954,0.13553341810722977,0,1,153,18,0,1,0
84.40661485003659,0.06708058117064512,0,0,219,23,0,3,0
279.7572473253386,0.7752859208165122,0,0,173,20,0,1,0
350.42245305692836,0.19519196539437084,0,0,608,16,1,4,0
70.40907176352721,0.0657257696548923,0,0,635,3,1,2,0
45.54914219126646,0.03178914959704177,0,0,12,6,1,3,0
232.4778943688673,0.05791116651469562,0,0,516,4,0,4,0
53.19741841012487,0.08813176584656993,0,0,362,15,1,2,0
264.41433882785526,0.06378677012450215,0,0,858,5,0,2,0
87.67899511331153,0.016561725386806243,0,0,579,13,1,3,0
170.18982548080552,0.01231732370734917,1,0,657,19,1,4,0
20.06180259366887,0.08409852568301653,0,0,969,1,1,0,0
151.66881035980612,0.020722161977912653,0,1,477,17,1,2,0
95.15842069441776,0.29822488370961436,0,0,577,17,0,1,0
137.50401560999072,0.3074507986189652,0,0,82,12,0,4,0
32.59098723847369,0.0116862573717968,0,0,617,17,0,5,0
205.2681957122799,9.693203330055684e-06,0,1,693,16,0,0,0
302.94413948178163,0.0017652913344914178,1,0,340,12,1,2,0
41.6435490032809,3.9403793940292707e-10,0,0,441,11,0,2,0
20.091531689420144,0.2630719929337085,0,0,617,2,0,2,0
8.588368989736098,0.019616989875629022,0,0,226,21,0,2,0
159.0714032074381,0.04326920048536831,0,0,371,6,0,3,0
145.1277459985877,0.012963931784496546,0,0,28,0,0,2,0
123.67931200753486,0.18992944156820254,0,0,995,4,0,2,0
44.58449944119332,0.022472973530455218,0,0,16,20,0,0,0
79.36739975978078,0.018695336600945755,0,0,277,0,0,3,0
140.3864071308983,0.004525757599730868,0,0,333,3,0,2,0
108.00525724878739,0.06058938301535595,0,0,483,0,0,2,0
665.769974507199,0.10879496941770776,0,1,810,12,1,3,0
27.003741892299097,0.2439241979115701,0,0,566,13,0,2,0
183.18763436306955,0.11176986181594961,0,0,288,14,0,1,0
82.70744012155991,0.18989746942311791,0,0,114,16,0,3,0
88.84479884775736,0.0046002352797368876,0,0,38,11,0,0,0
194.66342921285795,0.16433674907956042,0,0,454,6,0,2,0
181.86088629797217,0.02835436149467847,1,0,882,22,0,0,0
715.9080211796554,0.14247496234851764,1,0,742,18,0,3,0
25.612718620487467,0.0008050993123460881,0,1,166,22,0,2,0
21.49058750609831,0.098206169520465,1,0,694,2,1,3,0
198.28741485103134,0.13845611067097563,0,0,956,17,0,0,0
134.55008757019706,0.021596336761078024,0,0,205,3,0,5,0
53.06398886750392,0.17134001712485694,0,1,878,2,1,2,0
17.41260310216962,0.014717247805032934,0,1,245,11,0,0,0
18.43263065958619,0.002469185490753719,0,1,871,22,0,8,0
341.91777686983835,0.008660339551637478,0,0,333,11,0,5,0
36.9543547789946,0.053346289673198884,0,0,943,16,0,1,0
63.59494894213712,0.10411058690673941,0,0,396,5,1,1,0
43.55477451434499,0.18297353243886136,0,0,821,14,0,3,0
70.77488522156311,0.010249497789268543,0,0,507,1,0,3,0
15.792704109744475,0.13384920841927866,0,0,929,7,1,3,0
114.80184830383021,0.07491938203008013,0,0,924,13,0,1,0
15.501026956616204,0.05490581647000411,1,0,121,4,0,4,0
246.6833063238878,0.1625403161634922,0,0,259,2,1,4,0
44.9295961526309,0.1845029070448946,0,0,722,9,0,4,0
121.48320367228919,0.263532112049502,0,0,410,6,0,4,0
323.1384224734613,0.09099979596304794,0,0,310,10,0,2,0
162.84980606153962,0.03559341392256089,0,0,808,14,1,1,0
119.20034488620975,0.3549188325335823,1,0,706,1,0,2,1
63.80840637262191,0.15805502919541572,0,0,68,4,0,0,0
65.74521518357702,0.037691999209027334,0,0,114,10,0,5,0
171.0663725854604,8.412677316339697e-05,0,0,220,7,0,0,0
775.9245012060957,0.15731836087794576,0,0,220,12,0,5,0
167.63505904478467,0.03149281496598893,0,1,473,10,1,1,0
127.39332664519719,2.2199621138856e-05,0,0,730,16,0,3,0
201.7618286289217,0.2339181593855342,0,0,749,14,0,6,0
98.88093919736133,0.027186369958285998,0,0,943,0,1,1,0
14.304026522482632,0.006845186480806347,0,0,386,18,0,2,0
128.93213902159414,0.004126553526049093,0,0,298,15,1,3,0
479.1805140943003,0.03718799004390588,0,0,930,18,0,3,0
33.910874441105534,0.021777021900557258,0,0,606,12,0,2,0
180.6798137702387,0.29156659846992744,1,0,253,22,1,1,1
38.646701561338695,0.22480983416556155,0,0,405,21,0,4,0
120.12491390396697,0.17324526617529132,0,0,492,22,0,0,0
20.25117255535413,0.1819367190883087,0,0,357,3,0,3,0
94.77674867688211,0.015967094100551957,0,0,428,10,1,3,0
216.6884987813685,0.11763650209398889,0,0,215,17,1,4,0
69.05806422281812,0.0478544747282724,0,0,993,17,0,1,0
169.00419093141326,0.016486235429242907,0,1,380,9,1,2,0
243.04139643745253,0.09827498614875585,0,0,770,16,0,3,0
397.9602039056313,0.2334065496893228,0,0,859,12,0,4,0
45.11175315733335,0.0251846786466397,1,1,752,13,0,3,0
81.45291993718021,0.010745176902950659,0,0,827,6,0,3,0
29.80480179836042,0.5489337574714238,0,0,214,9,0,1,0
738.5982443072082,0.02063896506286068,0,0,98,2,0,3,0
397.5963645737859,0.29126180465545637,0,0,528,1,0,2,0
121.4653398198684,0.0005907661701223566,0,0,916,18,1,4,0
281.80564880929575,0.09581013049956531,0,0,666,6,1,1,0
115.39504329474293,0.039543495401207746,0,0,528,4,0,2,0
151.5597272932596,0.07358478982052434,0,0,710,2,1,5,0
19.00234693145327,0.05482249183566484,0,0,620,1,0,4,0
216.14021527336084,0.0094801591220759,1,0,535,22,1,2,0
25.495600284336067,0.037922242563444154,0,0,554,21,0,4,0
267.3633102403009,0.09547022765466756,0,0,549,5,0,1,0
233.5083600527998,0.4442077601147924,0,0,328,13,0,2,0
190.03326036404135,0.048074711747112815,1,1,902,6,0,0,1
10.524555207732968,0.0003157564326670525,0,0,165,21,0,7,0
59.17310600773252,0.0751626162326989,0,0,116,1,1,2,0
50.798020876869124,0.003457834776972353,0,0,150,10,0,0,0
71.97503930292754,0.3628755862203635,0,0,518,20,1,1,0
18.758546085856644,0.08770317087796743,0,0,32,2,0,1,0
419.5926951338111,0.11053113079380321,1,0,657,8,0,2,0
126.04895281447723,0.20799732517028519,0,0,806,7,0,3,0
59.68971829214033,0.38053179633360623,0,1,913,10,0,4,0
80.87111466598986,0.0018180428128115203,0,0,293,17,0,2,0
93.91454033639454,0.208618199976252,0,0,919,0,0,1,0
142.6666505331188,0.018759518794408056,0,0,689,14,1,1,0
113.75123780681594,0.26040401421993375,1,0,957,3,0,1,0
382.723556977647,0.17306051354435004,0,0,177,3,0,1,0
108.06387693811843,0.04972972269672365,1,0,61,9,0,1,0
732.2394898040353,4.7516244243423294e-05,0,0,589,10,1,6,0
290.99976699924207,0.09732651041637116,0,0,416,17,0,3,0
40.07580257591478,0.23863808919217014,0,0,383,22,1,2,0
405.16991908832813,0.0071414722998679216,0,0,598,14,0,2,0
23.556916926491443,0.06969636096338082,0,1,703,2,0,2,0
260.1094361016089,0.3375583236587184,0,0,7,6,0,1,0
76.85624280006458,0.004651141291852267,0,1,918,6,0,1,0
320.5285652364854,0.011997236231997305,0,0,85,16,0,4,0
308.807437873344,0.06951485842572526,0,0,774,21,0,2,0
250.92689875361714,0.11556820854443504,0,0,957,19,0,4,0
239.11890403463917,0.10257878194844543,0,0,398,23,1,2,0
59.507280438768014,0.01363259817688367,0,0,912,15,0,6,0
17.65719938011242,0.1828496281348787,0,0,771,15,0,1,0
82.37074471134494,0.0002764034597275895,0,1,393,7,0,2,0
33.58775350499863,0.00031890374525400694,0,0,47,2,0,2,0
183.0924726466211,0.08170307832734318,0,0,341,19,0,4,0
68.72006393196595,0.09717383423343774,0,0,498,14,0,1,0
562.0385453190625,0.0001182023695362729,0,0,606,0,0,6,0
158.65326718041865,0.09892079632017865,0,0,478,9,0,3,0
264.30127631149065,0.2898580055863836,0,0,426,1,0,2,0
26.325231314983917,0.017316598294452083,0,0,426,6,0,1,0
302.09098150046765,0.330785784488003,1,0,736,13,0,1,0
389.1202172924199,0.10796714536064808,0,0,791,15,1,3,0
105.1400210822374,0.03177523799132863,0,0,515,14,0,3,0
144.80698247374858,0.011351672087115947,0,0,129,6,1,5,0
222.10411014977566,0.022306103821112994,0,0,835,12,0,5,0
33.82644626818689,0.09928397636421271,0,0,249,9,1,7,0
109.74388223245919,0.3307859515806657,0,0,741,8,0,1,0
81.28997235043516,0.00614115235991481,1,0,839,8,0,3,0
28.739316656789153,0.19413328147276318,0,0,131,5,0,6,0
73.71942236850973,0.016781396313732294,0,0,740,23,0,1,0
15.591104405616532,0.07417804357263504,0,0,689,11,0,0,0
8.922631995321897,0.0004048012699923772,0,0,323,22,0,6,0
26.78270484928454,0.16207586335721452,0,0,823,19,0,1,0
499.99300099656614,0.01074644508135564,0,0,900,19,0,4,0
124.61941498371843,0.009143004049838548,0,0,543,21,0,2,0
511.4266747826159,0.15846437124872303,0,0,66,13,1,3,0
89.97661865123747,0.005171267043607173,0,0,718,19,0,2,0
61.054884249605614,0.007114213271696481,0,0,101,6,0,3,0
110.82604621659496,0.04470407766560835,0,0,832,7,0,3,0
91.84203359398225,0.059455713504124985,1,0,31,7,1,1,1
21.75117508975879,0.008481221556835616,0,0,885,7,0,3,0
158.5923806596239,0.010752443963154654,0,0,191,1,0,0,0
41.5092442997496,0.04773237999409994,0,0,578,13,0,1,0
149.97504267586456,0.0778300431034152,1,0,415,9,0,1,0
162.55952589869295,0.12607658423954124,0,0,815,17,0,1,0
29.735592733166964,0.16573807502763505,0,0,747,17,0,0,0
14.496831342579707,0.508062973278132,0,0,790,17,0,1,1
232.63932398358952,0.010558701583688738,0,0,714,15,1,1,0
97.37249331370795,0.056913601108231016,0,0,500,19,0,3,0
13.988585015572378,0.05918542728409337,1,0,862,4,0,3,0
795.7897965104997,0.03957093709261793,1,1,737,19,0,4,0
13.927562213663553,0.14597219584733212,0,0,595,4,0,2,0
183.1338520250227,0.020209399920554424,0,0,46,19,1,0,0
622.294711648543,0.04429741009311281,0,0,89,22,0,0,0
46.003792543572054,0.08452102652167778,0,0,698,9,0,4,0
28.016279185037742,0.08524222200936062,1,0,375,16,1,4,0
24.411260903601402,0.3414478215397211,0,0,701,12,0,2,0
59.20470589116647,0.0075448622231883665,0,0,246,16,1,0,0
20.978480532734224,0.021546665323528204,0,0,558,17,1,3,0
181.7269204892275,0.026483639363271517,0,0,257,12,1,0,0
14.647469569929063,0.028812881017591923,0,0,352,16,0,2,0
111.82568786519553,0.10586924791671239,0,0,921,14,0,3,0
861.9319830199902,0.0089209491162657,0,0,573,11,0,2,0
257.2773165015073,0.10682552573754038,0,0,105,9,0,3,0
148.26231149298104,0.11974245496756605,1,0,337,12,0,3,0
59.84732496304779,0.06987592887780625,0,0,526,10,0,5,0
151.68337142285355,0.0045627283431792995,0,0,301,2,0,6,0
117.31213338193014,0.085500367822559,0,0,77,21,0,5,0
88.29067419750436,0.00330119323417533,0,0,511,9,1,4,0
26.01183887905177,0.26772850014446753,0,0,230,10,0,0,0
331.53065897180716,0.05508003600105076,0,0,679,5,0,2,0
94.61682946891733,0.11445878944251318,0,0,578,0,0,3,0
37.466627309212036,5.2572547067160965e-05,0,0,32,5,1,1,0
73.7727775074403,0.02329091552707169,0,0,608,4,0,0,0
85.1985401930201,0.10552725392775396,1,0,58,6,0,2,0
268.63666266358,0.034564951082919446,0,0,104,21,0,0,0
203.42154842889173,0.05316950894352421,0,0,312,11,0,3,0
224.99874892552876,0.029349217012762455,1,0,646,11,1,2,0
6.66388400323008,0.1480395746245061,0,0,729,6,1,1,0
85.7177039661463,0.4222442883669608,0,0,67,1,0,3,0
103.4772081557241,0.02387967478132295,0,1,978,0,0,3,0
7.906825919966945,0.08658301248038743,0,0,690,22,0,3,0
50.127905603273945,0.018963303207368325,0,0,374,17,1,1,0
219.2487022571567,0.11960423669047725,0,0,759,11,0,2,0
27.12015760008339,0.08700339077009975,0,0,806,6,1,4,0
119.95775678972873,0.02912777789464924,0,0,235,18,0,4,0
41.34931341153407,0.044708095678013454,0,0,643,21,1,2,0
6.829224537316643,0.15490087889966375,0,0,112,2,1,3,0
46.4028442775449,0.3514929282710143,0,0,389,9,0,2,0
563.6682534714317,0.01219263380244891,0,0,408,10,1,3,0
247.57297369423208,0.07648164691088116,0,0,54,4,1,4,0
486.25213252868497,0.3970446336799087,1,1,802,1,0,1,1
105.37184361667519,0.10654086529840584,0,1,239,7,1,3,0
22.435618129278875,0.0016309754245577672,0,0,752,13,0,5,0
124.09752155025417,0.00821288639428449,0,0,295,7,1,4,0
95.87414466303927,1.0819262193093385e-07,0,0,112,22,0,3,0
284.0286331099714,0.18475327145638945,1,0,88,5,0,4,0
20.484847412993574,0.032611543113805694,0,0,740,0,0,2,0
105.48526034447693,0.11270243702333566,0,0,476,23,1,1,0
29.38642755768867,0.07588077661914232,0,0,304,0,1,3,0
63.88438925205567,0.10219061018983468,1,0,305,7,0,1,1
205.54398170371863,0.010453502256528996,1,0,290,10,0,5,0
101.94472899374266,0.00039198184141131607,0,0,208,17,0,1,0
75.71388446323888,0.035051198627613155,1,0,868,23,0,4,0
80.24923102378673,0.1724754815737083,0,0,903,9,0,2,0
97.27432413753849,0.24173900196229042,0,0,786,11,0,6,0
235.5791302841696,0.09545832026369676,0,0,582,19,0,6,0
338.961277448562,0.09924745751739752,1,0,370,22,0,1,0
471.28370945334495,0.10646661678449305,0,0,220,15,0,1,0
236.90144456835463,0.014921084371984611,0,0,231,4,0,0,0
61.83959384060769,0.10064012878763137,0,0,802,15,1,1,0
179.77759020215308,0.01981766533225681,0,0,819,23,0,4,0
91.33212400473408,0.0006824413867381851,1,0,873,11,0,2,0
49.089356037346654,0.10251859625230497,0,0,349,5,0,4,0
280.7065589285868,0.07089039192705342,1,0,255,4,0,3,0
10.877617511563408,0.06663340574176396,1,0,452,0,0,2,0
353.0543139560558,0.07812525779955641,0,0,142,18,0,1,0
97.83889022589194,0.017285524378907555,0,0,69,9,0,2,0
157.0861447001836,0.21604800124441526,0,0,89,13,0,5,0
166.53668535743932,0.25407652972777267,0,0,871,20,0,3,0
343.2375347088531,0.11422039772992242,0,0,136,2,0,4,0
156.86643380064066,0.06736353989129744,0,0,655,5,0,2,0
147.7618796166308,0.06442411337302568,0,0,851,4,0,3,0
15.34658011728581,0.0689496937349999,1,0,699,16,0,3,0
114.59870629838272,0.03243855920073611,0,1,523,17,0,4,0
29.407666063493224,0.11059416931597436,0,1,660,11,1,3,0
205.58778787141176,0.05677012084042272,1,0,951,4,0,4,0
112.68420984881425,0.008257506891288758,0,0,804,8,0,3,0
176.02195200072623,0.02390044543860395,0,0,850,11,1,2,0
11.384917912453153,0.007523386550587463,0,1,910,19,0,2,0
18.29059020027178,0.002866346979307226,0,0,442,8,0,2,0
193.988056997439,0.019467118914965893,0,0,38,2,0,5,0
16.22216444519395,0.09893214461361231,0,0,857,0,0,3,0
16.088439030351815,0.18201150470235902,0,0,208,21,0,3,0
6.827357001469395,0.0553131730813972,0,0,210,14,0,1,0
475.2539729329684,0.043629691755281606,0,0,513,9,1,6,0
205.63040645234912,0.3340144545384068,0,0,360,13,0,2,0
70.36964536005488,0.019120855811038277,0,0,577,6,0,0,0
57.76069718451482,0.00924703490199222,0,1,1,3,0,3,1
69.54896760003201,0.023504760046390922,0,0,755,4,0,5,0
228.51742995974755,0.04458667138125438,0,0,981,19,0,5,0
167.4273526442755,0.24589681375879494,0,0,381,15,1,1,0
35.72107326649994,0.05653257830481437,0,0,828,2,1,3,0
33.69393221825329,0.10037764254749518,0,0,537,16,1,2,0
20.536923679150924,0.21458599030808925,0,0,859,12,0,3,0
166.95506150502692,0.03190593006541813,0,0,394,5,1,3,0
221.8255698835574,0.4129303804725888,0,0,50,4,0,4,0
51.19219243303854,0.0047457867697973735,0,0,396,15,0,2,0
8.17511276774227,0.01748935126854474,0,1,860,10,0,2,0
17.861736118540414,0.20326791319051105,0,0,753,16,0,5,0
520.6482504256014,0.0023895618322076735,0,0,32,4,0,3,0
57.528284795543804,0.018755971382476436,1,0,545,5,0,1,1
224.94560649560302,0.2223140891303483,0,0,712,9,1,3,0
151.9898758232057,0.008193510939360979,0,0,234,20,0,0,0
77.17537337439887,0.0179099833280638,0,0,26,0,0,2,0
39.54170284338553,0.27274360590302926,0,0,554,20,0,3,0
24.411513358565173,0.0013756319103240895,0,0,434,9,0,2,0
148.18184427192207,0.04624840781240974,0,0,61,16,0,4,0
228.50428375113765,0.0028147165119437544,0,0,553,2,0,5,0
159.88334503455633,0.05562763093983968,1,0,441,1,0,0,0
118.34984415297086,0.027696477658622525,1,0,130,16,1,2,0
11.428488096366355,0.13824321489071278,0,0,867,3,1,0,0
523.611729463033,0.13990941168341328,1,0,354,1,1,1,1
245.45441732665398,0.3291289984538108,0,0,198,4,0,2,0
56.970939295647085,1.2315355096452493e-06,0,0,799,9,0,3,0
591.5810859075827,0.048488191396074444,0,0,663,0,0,2,0
143.150870670422,0.05151566877076316,0,0,716,0,0,3,0
135.99282530672755,0.050279755918103484,0,0,694,3,1,8,0
211.79249423075217,0.12432388552803234,0,0,371,6,1,2,0
255.51343007658153,0.00973168748027744,0,0,924,13,0,4,0
165.27588361220745,0.21741543427113785,0,0,719,13,0,4,0
25.561349297057742,0.08911346461210615,0,0,147,17,1,0,0
66.93408384732624,0.06568229554918571,0,0,716,1,0,1,0
399.83772596363093,0.012043768270731206,0,1,498,0,0,3,0
43.159458180641586,0.026112212411998997,1,0,48,20,1,1,0
74.82216641190195,0.13509251689973084,0,0,770,21,0,5,0
89.86538400780965,0.39461388179041784,0,0,651,15,0,2,1
91.81348113849994,0.05743289869891775,1,0,172,21,0,2,0
147.37617208283478,0.05942515763892576,0,0,613,17,0,2,0
434.90530756702935,0.16594605628593168,0,0,699,15,0,8,0
46.302308641127965,0.006113798668260558,0,0,896,22,0,2,0
24.43114070074285,0.011681616870886249,0,0,315,21,1,3,0
37.997997784079715,0.027542091507596636,0,0,376,23,0,3,0
331.9554621650828,0.08516894948874267,0,0,806,5,0,5,0
160.68861216143418,0.05003941700692436,0,0,921,9,0,0,0
55.51126668185276,0.03248279310963454,0,1,875,1,0,2,0
258.87967816620807,0.5050823475764904,1,0,533,6,0,3,0
301.39201087995434,0.04534140098434052,0,0,810,20,0,6,0
286.1222191971613,0.07699890191863262,1,0,420,16,0,2,0
381.85993149113483,0.03471726986461244,1,0,905,2,0,4,0
48.60118586219231,0.034138597733937896,0,0,396,19,1,5,0
216.00023312345832,0.3071109006575841,0,0,522,11,0,1,0
97.57785617781714,0.10403686354320431,0,0,187,1,0,2,0
281.77266306101774,0.007104286819196521,1,1,645,6,0,2,0
200.56382029021353,0.00045669352557044886,0,0,33,16,0,5,0
229.71631307983893,0.024015822145779905,0,0,69,18,0,4,0
165.13762860263137,0.10785121373815837,0,0,592,11,0,2,0
34.29802964359188,0.06566317800613272,0,0,191,8,0,0,0
123.12755362883068,0.056065657083815695,1,0,101,13,1,0,1
631.6889892525418,0.06692150628337278,0,0,485,1,0,1,0
420.61990820111487,0.0494497227192162,1,0,285,20,0,2,0
11.620016917637912,0.00019050859799594303,0,0,914,3,0,1,0
32.01527017261324,0.09759822893786112,0,0,733,18,0,2,0
26.187671022902787,0.08727249477940022,1,0,390,20,0,4,0
199.18307810905804,0.36402540066394845,0,0,565,15,0,3,0
260.3854671043769,0.04203798830778143,1,0,978,21,1,3,0
41.02655125250793,0.14202251565058466,0,0,160,16,1,2,0
110.73824207592935,0.12304009620427456,0,0,892,1,0,1,0
280.54776057167055,0.22980334461863813,0,0,554,16,1,2,0
202.96454279707646,0.022088109117243435,1,0,47,18,0,2,1
122.21062174306924,0.4516498494308991,1,0,159,7,0,1,1
138.86697568550485,0.06719338021532045,0,0,446,23,1,1,0
111.5014475102609,0.00144114489135894,0,0,696,19,1,3,0
57.976827500243076,0.07173094596733194,0,0,758,5,0,4,0
129.8689711202233,0.10332411133227407,0,0,523,11,0,5,0
180.13904466452186,0.0061211350245875705,0,1,666,22,0,3,0
314.9171112661179,0.02330950323406703,0,0,732,17,0,3,0
156.71032323122816,0.19987918403489577,1,0,155,1,1,3,0
219.77005693782888,0.003739243246481465,0,0,339,18,0,3,0
31.165800573368568,0.5562059981966646,0,0,953,23,0,1,0
97.8611777999564,0.01888968638910666,0,0,365,9,0,1,0
6.406314824668423,0.08268511633775001,0,0,795,2,0,1,0
47.48955010368004,0.0047217191477963135,1,0,699,11,1,2,0
199.44705284169288,0.02401383046340285,0,0,574,15,1,5,0
725.7253161329209,0.060115525157306865,1,0,148,11,0,1,1
20.667156456663918,0.1915759589491419,1,0,899,7,0,3,0
81.9978885082129,0.008783338420582897,0,0,144,4,0,3,0
246.46892283526225,0.23089228687290178,0,0,103,10,0,4,0
39.23012918923456,0.054707383207974795,0,0,812,9,0,1,0
126.48078685214236,0.041346888661428265,0,0,93,2,0,1,0
203.11605238522034,3.2553618527741613e-06,0,0,975,22,0,2,0
148.56122557471485,0.0085938823189354,0,0,286,8,0,1,0
36.242810095017504,3.677802070087963e-05,0,0,424,11,1,6,0
70.86520557844861,0.011465724194315829,0,0,119,5,0,1,0
234.72700623409813,0.03320295436724046,0,1,961,18,1,8,1
126.19165027942647,0.0014036017378483666,0,0,29,15,0,5,0
5.786500375136747,0.11308005807556433,0,1,511,20,1,1,0
219.68796002414356,0.04285602608093708,0,0,30,22,0,3,0
10.39248159673313,0.006640487981229285,0,0,872,23,0,4,0
210.4060192029566,0.0869180138281002,0,0,366,13,0,2,0
38.93736029778083,0.09403473782741842,0,0,800,3,1,2,0
480.7755079339679,0.01677022649122443,0,0,138,17,0,2,0
73.8158211934405,0.07862003345864622,0,0,475,9,0,0,0
64.38625164550345,0.045576147965480485,0,0,563,17,0,4,0
29.181741250267837,0.22739334401416114,0,0,392,11,1,2,0
59.706977952328586,0.06251900120198699,1,0,435,18,1,2,0
318.9103418264958,0.005437417457609078,0,0,804,7,1,2,0
846.3119346063585,0.14357497968008476,0,0,234,0,1,3,0
73.90336524031702,0.017189573223122163,0,0,55,13,1,2,0
94.29710907655543,0.06520828278570043,0,0,931,22,0,2,0
197.05840568673645,0.02531804971168013,0,0,292,5,0,4,0
330.99135191945214,0.014224383718483698,1,0,752,13,0,2,0
139.8576543017925,0.027782816518841173,0,0,312,1,0,1,0
79.52008991838971,0.130999401625417,1,0,548,8,0,1,0
84.81296647255058,0.02532314903028301,0,0,89,11,0,1,0
183.42084031337666,0.03992453537344396,1,0,212,4,0,5,0
5.4835180028351935,0.17685405001991106,0,0,957,1,0,3,0
149.9755878338878,0.014086955171541305,0,0,318,18,0,6,0
70.89044175946243,0.016236481316435625,0,0,877,6,0,4,0
242.12562321661937,0.003421272053559121,0,0,757,6,0,3,0
19.640376348478405,0.0014806702793269384,0,0,465,9,0,4,0
138.0834484066755,0.14367886441138922,0,0,87,16,1,0,0
103.36987428404171,0.0022448720027090164,0,0,409,13,0,4,0
159.2197994711967,0.05742980646969234,0,0,240,10,1,1,0
15.05782677660228,0.1043309052066267,0,0,832,19,0,2,0
135.11929506322164,0.0019162369652119702,0,0,700,5,0,2,0
128.65404809043207,0.03531500182172004,1,0,57,7,0,2,1
128.3722839651026,0.04265412992638723,0,0,113,18,0,2,0
143.75721990611174,0.1637140643604686,0,0,735,18,0,4,0
174.26855867356312,0.0005601243401526314,0,0,70,23,0,1,0
250.2048965173989,0.06804662859555323,0,0,739,23,1,3,0
52.16977791893739,0.009687970932638117,1,0,768,23,1,3,0
266.48775332168464,0.008964218263927872,0,1,692,16,1,3,0
108.44969243894143,0.06748748080427039,0,1,184,23,1,4,0
17.02837811950537,0.15631641254164844,1,0,703,23,0,4,0
14.050253911258642,0.6158958043154601,0,0,964,17,0,1,0
66.02352625403823,0.014461246531990171,0,0,744,11,0,1,0
235.49572840955125,0.01604090053812353,1,1,276,8,0,1,0
189.48640760311764,0.24906236058848746,0,0,233,22,1,5,0
238.11109947103967,0.0031844651657808687,0,0,54,23,1,1,0
114.24437498227822,0.0012775836223195207,0,0,257,15,1,6,0
92.02608678468549,0.07739423099878218,0,0,90,17,1,1,0
28.928957634032425,0.0565745391307586,1,0,738,15,0,3,0
64.66757229985478,0.0711616130433223,0,0,759,15,0,4,0
90.37931258288498,0.21670164543410225,0,0,906,3,0,3,0
18.91608074038426,0.025773374153728178,0,0,663,22,1,2,0
42.38693329709195,0.1494960471516672,0,0,435,21,1,3,0
141.77956706881415,0.15357069246687438,0,0,625,6,0,3,0
204.57963603645513,0.018261147315282892,0,0,408,0,0,2,0
965.8209320951214,0.00010102328593985452,0,0,269,23,0,3,1
410.7133406606473,0.011952683357641311,1,0,669,22,0,1,0
159.32034647043088,0.2713737254818864,0,0,954,19,1,1,0
87.03219649228966,0.0018864364299656486,0,0,366,0,0,0,0
156.66331936697816,0.020985945587913436,0,0,859,7,0,3,0
236.02289521146392,0.051349308846319094,0,0,351,22,0,4,0
23.891669672905103,0.23424506965839098,0,0,299,7,1,1,0
84.12073267545934,0.014178379653150794,0,0,906,9,0,1,0
279.70197677570457,0.015204900342433807,1,0,159,0,0,2,1
77.63557554273697,0.06814028098448904,1,0,487,20,0,7,0
132.25005443150675,0.12136062360371659,0,0,842,20,0,3,0
137.92584237976084,0.000272780609364496,0,0,984,13,0,1,0
35.58871069255264,0.09615149618240787,0,0,737,13,1,1,0
72.46791418233957,0.016399315137814906,0,0,526,9,1,2,0
66.08504061329523,0.02448464119217904,0,0,355,18,0,3,0
8.981893282200442,0.3542177792535521,0,0,621,15,0,3,0
8.673378690579547,0.04627494172666339,0,0,930,8,1,1,0
272.2984418208709,0.012727089893961974,0,0,401,19,0,3,0
52.83893096450526,0.0782795071695261,0,0,405,15,0,3,0
114.49618905777808,0.00039966667877198335,0,0,96,19,0,1,0
58.228398511983954,0.045492997979613176,0,0,707,7,0,3,0
428.7194054237784,9.38879316514241e-05,1,0,570,6,0,2,0
50.02328273008915,0.07308609098830796,1,0,975,10,1,0,0
89.22755246278857,0.11577829480432565,0,0,392,20,1,4,0
314.2169649673389,0.19813613347409995,0,0,352,5,0,1,0
281.7109806473193,0.047091493871467084,0,0,806,14,0,3,0
35.887926903584294,7.113000595573667e-05,0,1,666,18,0,2,0
248.41138658731907,0.019600107633500004,0,0,576,13,0,2,0
96.92512197236825,0.006877094762523515,0,0,670,14,0,2,0
103.94782963306888,0.16191649507420755,0,0,777,5,0,2,0
26.490508534685397,0.0001571837055734759,0,0,633,23,1,2,0
17.605346310998506,0.21264861057552878,0,0,288,9,0,1,0
200.25951521771586,0.04249193091787977,1,0,523,13,1,3,1
107.9141621895275,0.22914133404123552,0,0,726,15,0,0,0
91.13157562116969,0.043213598604128024,0,0,162,12,0,3,0
201.1270401972557,0.034950088298882374,0,0,617,10,0,5,0
222.55320484510779,0.38785160620690606,0,0,914,2,1,3,0
30.95816461405992,0.023544446405895578,0,0,659,7,0,3,0
146.32790193752706,0.09672668839407834,0,0,182,2,0,6,0
26.81527992918121,0.032527108138237344,0,0,850,1,0,3,0
213.77148317410243,0.10910278456618272,0,0,549,20,0,1,0
165.4841150923916,0.07291907943631241,0,0,82,13,1,2,0
475.64491789404866,0.3565432566794153,0,0,524,19,0,1,0
15.717636126279842,0.004669100234403293,0,0,4,20,1,2,0
13.812054023725619,8.317847394014086e-05,0,0,495,21,1,3,0
54.7319440392296,0.1387840408101383,0,1,555,14,0,0,0
